selection_unit_id,spec,kind,factor_dim,state_dim,horizon,latent_k,feature_blocks,provided_source,residual_base,residual_k,stage1_engine,legacy_spec,selection_protocol_name,train_window_mode,rolling_train_months,refit_every,rebalance_every,r2_oos_ret_mean,r2_oos_ret_median,r2_roll_ret_q10,r2_roll_ret_min,r2_oos_state_mean,r2_oos_state_median,r2_roll_state_q10,r2_roll_state_min,train_obs_mean,train_obs_min_mean,train_obs_max_mean,cross_mean_abs_rho,cross_max_abs_rho,n_blocks,selection_split_mode,selection_val_months_requested,fail_return,fail_state,fail_cross,warn_cross,passes_guard,score_ret_mean_rank,score_ret_q10_rank,score_state_mean_rank,score_state_q10_rank,score_ret_mean_component,score_ret_q10_component,score_state_mean_component,score,stage1_mean_variant_label,mean_model_kind,cheap_rank,cheap_selected_for_rerank,recommended,official_selected_stage1,diagnostic_stage2,stage1_selected_rank
pls_H1_k2__rolling240m_annual__baseline_mean,pls_H1_k2,pls,2,2,1.0,2.0,returns,,,,ported_legacy_v2,pls_H1_k2,rolling240m_annual,rolling,240,12,1,0.04599483683163494,0.042465320953960495,-0.0006814833690415023,-0.02672979464824226,0.5853276715012625,0.5853276715012625,0.5174663350017368,0.4730424408508606,234.0,192.0,240.0,0.6312442468279548,0.845405750264634,1,trailing_holdout,240,False,False,False,False,True,1.0,0.98,0.43999999999999995,0.42000000000000004,0.0390956113068897,-0.00010222250535622534,0.0,0.03899338880153347,baseline_mean,factor_apt,1,True,False,True,True,1.0
pls_H1_k2__rolling240m_annual__regime_mean,pls_H1_k2,pls,2,2,1.0,2.0,returns,,,,ported_legacy_v2,pls_H1_k2,rolling240m_annual,rolling,240,12,1,0.04599483683163494,0.042465320953960495,-0.0006814833690415023,-0.02672979464824226,0.5853276715012625,0.5853276715012625,0.5174663350017368,0.4730424408508606,234.0,192.0,240.0,0.6312442468279548,0.845405750264634,1,trailing_holdout,240,False,False,False,False,True,1.0,0.98,0.43999999999999995,0.42000000000000004,0.0390956113068897,-0.00010222250535622534,0.0,0.03899338880153347,regime_mean,factor_apt_regime,2,True,False,True,True,2.0
pls_H24_k2__rolling240m_annual__baseline_mean,pls_H24_k2,pls,2,2,24.0,2.0,returns,,,,ported_legacy_v2,pls_H24_k2,rolling240m_annual,rolling,240,12,1,0.045385471265688655,0.04069564419146765,-0.0014508100518091124,-0.02555646753235403,0.5673885129999838,0.5673885129999838,0.5231782370043916,0.4893649063636906,234.0,192.0,240.0,0.5243822287088782,0.9495517793728344,1,trailing_holdout,240,False,False,False,False,True,0.98,0.96,0.31999999999999995,0.48,0.03857765057583536,-0.00021762150777136685,0.0,0.03836002906806399,baseline_mean,factor_apt,3,True,False,True,True,3.0
pls_H24_k2__rolling240m_annual__regime_mean,pls_H24_k2,pls,2,2,24.0,2.0,returns,,,,ported_legacy_v2,pls_H24_k2,rolling240m_annual,rolling,240,12,1,0.045385471265688655,0.04069564419146765,-0.0014508100518091124,-0.02555646753235403,0.5673885129999838,0.5673885129999838,0.5231782370043916,0.4893649063636906,234.0,192.0,240.0,0.5243822287088782,0.9495517793728344,1,trailing_holdout,240,False,False,False,False,True,0.98,0.96,0.31999999999999995,0.48,0.03857765057583536,-0.00021762150777136685,0.0,0.03836002906806399,regime_mean,factor_apt_regime,4,True,False,True,True,4.0
pls_H2_k2__rolling240m_annual__baseline_mean,pls_H2_k2,pls,2,2,2.0,2.0,returns,,,,ported_legacy_v2,pls_H2_k2,rolling240m_annual,rolling,240,12,1,0.04530791445315138,0.0414605120053011,-0.0028440520814641485,-0.029376634484264356,0.5821860685293003,0.5821860685293003,0.5193710348464198,0.46920263686039004,234.0,192.0,240.0,0.6374434350520934,0.8448145814569078,1,trailing_holdout,240,False,False,False,False,True,0.96,0.92,0.42000000000000004,0.45999999999999996,0.038511727285178675,-0.00042660781221962225,0.0,0.038085119472959054,baseline_mean,factor_apt,5,True,False,True,True,5.0
pls_H2_k2__rolling240m_annual__regime_mean,pls_H2_k2,pls,2,2,2.0,2.0,returns,,,,ported_legacy_v2,pls_H2_k2,rolling240m_annual,rolling,240,12,1,0.04530791445315138,0.0414605120053011,-0.0028440520814641485,-0.029376634484264356,0.5821860685293003,0.5821860685293003,0.5193710348464198,0.46920263686039004,234.0,192.0,240.0,0.6374434350520934,0.8448145814569078,1,trailing_holdout,240,False,False,False,False,True,0.96,0.92,0.42000000000000004,0.45999999999999996,0.038511727285178675,-0.00042660781221962225,0.0,0.038085119472959054,regime_mean,factor_apt_regime,6,True,False,True,True,6.0
pls_H12_k2__rolling240m_annual__baseline_mean,pls_H12_k2,pls,2,2,12.0,2.0,returns,,,,ported_legacy_v2,pls_H12_k2,rolling240m_annual,rolling,240,12,1,0.04393403270776767,0.03924292567086418,-0.002989471125259799,-0.02799367512841348,0.5708345372217636,0.5708345372217636,0.5180973973616043,0.4732718293301915,234.0,192.0,240.0,0.5800241867056645,0.9425475285901042,1,trailing_holdout,240,False,False,False,False,True,0.92,0.9,0.33999999999999997,0.43999999999999995,0.03734392780160252,-0.00044842066878896983,0.0,0.03689550713281355,baseline_mean,factor_apt,7,True,False,True,True,7.0
pls_H12_k2__rolling240m_annual__regime_mean,pls_H12_k2,pls,2,2,12.0,2.0,returns,,,,ported_legacy_v2,pls_H12_k2,rolling240m_annual,rolling,240,12,1,0.04393403270776767,0.03924292567086418,-0.002989471125259799,-0.02799367512841348,0.5708345372217636,0.5708345372217636,0.5180973973616043,0.4732718293301915,234.0,192.0,240.0,0.5800241867056645,0.9425475285901042,1,trailing_holdout,240,False,False,False,False,True,0.92,0.9,0.33999999999999997,0.43999999999999995,0.03734392780160252,-0.00044842066878896983,0.0,0.03689550713281355,regime_mean,factor_apt_regime,8,True,False,True,True,8.0
pls_H6_k2__rolling240m_annual__baseline_mean,pls_H6_k2,pls,2,2,6.0,2.0,returns,,,,ported_legacy_v2,pls_H6_k2,rolling240m_annual,rolling,240,12,1,0.04385078196245705,0.03993670790770243,-0.006463955690601603,-0.03280516629070261,0.5756889488522338,0.5756889488522338,0.5108803644236338,0.46516838631409063,234.0,192.0,240.0,0.516648714872923,0.9638346545075217,1,trailing_holdout,240,False,False,False,True,True,0.9,0.84,0.36,0.38,0.03727316466808849,-0.0009695933535902405,0.0,0.036303571314498254,baseline_mean,factor_apt,9,False,False,False,False,
pls_H6_k2__rolling240m_annual__regime_mean,pls_H6_k2,pls,2,2,6.0,2.0,returns,,,,ported_legacy_v2,pls_H6_k2,rolling240m_annual,rolling,240,12,1,0.04385078196245705,0.03993670790770243,-0.006463955690601603,-0.03280516629070261,0.5756889488522338,0.5756889488522338,0.5108803644236338,0.46516838631409063,234.0,192.0,240.0,0.516648714872923,0.9638346545075217,1,trailing_holdout,240,False,False,False,True,True,0.9,0.84,0.36,0.38,0.03727316466808849,-0.0009695933535902405,0.0,0.036303571314498254,regime_mean,factor_apt_regime,10,False,False,False,False,
pls_H3_k2__rolling240m_annual__baseline_mean,pls_H3_k2,pls,2,2,3.0,2.0,returns,,,,ported_legacy_v2,pls_H3_k2,rolling240m_annual,rolling,240,12,1,0.042794079186349726,0.03898223382144317,-0.009086482835348804,-0.03529473595736975,0.5873548059643869,0.5873548059643869,0.525166785000602,0.470411989772691,234.0,192.0,240.0,0.5888717294339311,0.9270072833310674,1,trailing_holdout,240,False,False,False,False,True,0.88,0.8200000000000001,0.48,0.5,0.03637496730839727,-0.0013629724253023205,0.0,0.03501199488309495,baseline_mean,factor_apt,11,False,False,False,False,
pls_H3_k2__rolling240m_annual__regime_mean,pls_H3_k2,pls,2,2,3.0,2.0,returns,,,,ported_legacy_v2,pls_H3_k2,rolling240m_annual,rolling,240,12,1,0.042794079186349726,0.03898223382144317,-0.009086482835348804,-0.03529473595736975,0.5873548059643869,0.5873548059643869,0.525166785000602,0.470411989772691,234.0,192.0,240.0,0.5888717294339311,0.9270072833310674,1,trailing_holdout,240,False,False,False,False,True,0.88,0.8200000000000001,0.48,0.5,0.03637496730839727,-0.0013629724253023205,0.0,0.03501199488309495,regime_mean,factor_apt_regime,12,False,False,False,False,
pls_ret_ff5_curve_macro7_H2_k1__rolling240m_annual__baseline_mean,pls_ret_ff5_curve_macro7_H2_k1,pls,1,1,2.0,1.0,returns|ff5|curve_core|macro7,,,,ported_legacy_v2,,rolling240m_annual,rolling,240,12,1,0.03464880490104075,0.03817862924197435,-0.005184250159817568,-0.02373012189700552,0.8003346438753816,0.8003346438753816,0.6788077147532117,0.547725984489041,234.0,192.0,240.0,0.5079118406791904,0.9142936132678277,1,trailing_holdout,240,False,False,False,False,True,0.78,0.86,0.64,0.62,0.029451484165884636,-0.0007776375239726351,0.0,0.028673846641912002,baseline_mean,factor_apt,13,False,False,False,False,
pls_ret_ff5_curve_macro7_H2_k1__rolling240m_annual__regime_mean,pls_ret_ff5_curve_macro7_H2_k1,pls,1,1,2.0,1.0,returns|ff5|curve_core|macro7,,,,ported_legacy_v2,,rolling240m_annual,rolling,240,12,1,0.03464880490104075,0.03817862924197435,-0.005184250159817568,-0.02373012189700552,0.8003346438753816,0.8003346438753816,0.6788077147532117,0.547725984489041,234.0,192.0,240.0,0.5079118406791904,0.9142936132678277,1,trailing_holdout,240,False,False,False,False,True,0.78,0.86,0.64,0.62,0.029451484165884636,-0.0007776375239726351,0.0,0.028673846641912002,regime_mean,factor_apt_regime,14,False,False,False,False,
pls_H24_k3__rolling240m_annual__baseline_mean,pls_H24_k3,pls,3,3,24.0,3.0,returns,,,,ported_legacy_v2,pls_H24_k3,rolling240m_annual,rolling,240,12,1,0.03819878530768835,0.03494332728355165,-0.030374823285799744,-0.04002516340640553,0.5463009630567851,0.5405144529782461,0.4809836379762558,0.4083945336203465,234.0,192.0,240.0,0.40778846266432595,0.9493870692400197,1,trailing_holdout,240,False,False,False,False,True,0.84,0.54,0.30000000000000004,0.28,0.0324689675115351,-0.004556223492869962,0.0,0.02791274401866514,baseline_mean,factor_apt,15,False,False,False,False,
pls_H24_k3__rolling240m_annual__regime_mean,pls_H24_k3,pls,3,3,24.0,3.0,returns,,,,ported_legacy_v2,pls_H24_k3,rolling240m_annual,rolling,240,12,1,0.03819878530768835,0.03494332728355165,-0.030374823285799744,-0.04002516340640553,0.5463009630567851,0.5405144529782461,0.4809836379762558,0.4083945336203465,234.0,192.0,240.0,0.40778846266432595,0.9493870692400197,1,trailing_holdout,240,False,False,False,False,True,0.84,0.54,0.30000000000000004,0.28,0.0324689675115351,-0.004556223492869962,0.0,0.02791274401866514,regime_mean,factor_apt_regime,16,False,False,False,False,
pls_ret_ff5_curve_macro7_H3_k1__rolling240m_annual__baseline_mean,pls_ret_ff5_curve_macro7_H3_k1,pls,1,1,3.0,1.0,returns|ff5|curve_core|macro7,,,,ported_legacy_v2,,rolling240m_annual,rolling,240,12,1,0.03293697998832008,0.03835348214702716,-0.0017008221793394106,-0.01497135165457882,0.7916619405866238,0.7916619405866238,0.6000003050235725,0.38981358111724396,234.0,192.0,240.0,0.33518937098136264,0.8921259756300923,1,trailing_holdout,240,False,False,False,False,True,0.76,0.94,0.6,0.56,0.027996432990072064,-0.00025512332690091156,0.0,0.027741309663171152,baseline_mean,factor_apt,17,False,False,False,False,
pls_ret_ff5_curve_macro7_H3_k1__rolling240m_annual__regime_mean,pls_ret_ff5_curve_macro7_H3_k1,pls,1,1,3.0,1.0,returns|ff5|curve_core|macro7,,,,ported_legacy_v2,,rolling240m_annual,rolling,240,12,1,0.03293697998832008,0.03835348214702716,-0.0017008221793394106,-0.01497135165457882,0.7916619405866238,0.7916619405866238,0.6000003050235725,0.38981358111724396,234.0,192.0,240.0,0.33518937098136264,0.8921259756300923,1,trailing_holdout,240,False,False,False,False,True,0.76,0.94,0.6,0.56,0.027996432990072064,-0.00025512332690091156,0.0,0.027741309663171152,regime_mean,factor_apt_regime,18,False,False,False,False,
pls_ret_ff5_curve_macro7_H1_k2__rolling240m_annual__baseline_mean,pls_ret_ff5_curve_macro7_H1_k2,pls,2,2,1.0,2.0,returns|ff5|curve_core|macro7,,,,ported_legacy_v2,,rolling240m_annual,rolling,240,12,1,0.04504835697440349,0.03785062446500198,-0.07766615493644431,-0.10911336417793009,0.7393635754881402,0.7393635754881402,0.5589010403316581,0.5219264593036945,234.0,192.0,240.0,0.633877476933917,0.8069823080849572,1,trailing_holdout,240,False,False,False,False,True,0.94,0.21999999999999997,0.54,0.54,0.03829110342824297,-0.011649923240466646,0.0,0.026641180187776323,baseline_mean,factor_apt,19,False,False,False,False,
pls_ret_ff5_curve_macro7_H1_k2__rolling240m_annual__regime_mean,pls_ret_ff5_curve_macro7_H1_k2,pls,2,2,1.0,2.0,returns|ff5|curve_core|macro7,,,,ported_legacy_v2,,rolling240m_annual,rolling,240,12,1,0.04504835697440349,0.03785062446500198,-0.07766615493644431,-0.10911336417793009,0.7393635754881402,0.7393635754881402,0.5589010403316581,0.5219264593036945,234.0,192.0,240.0,0.633877476933917,0.8069823080849572,1,trailing_holdout,240,False,False,False,False,True,0.94,0.21999999999999997,0.54,0.54,0.03829110342824297,-0.011649923240466646,0.0,0.026641180187776323,regime_mean,factor_apt_regime,20,False,False,False,False,
pls_ret_ff5_curve_macro7_H1_k1__rolling240m_annual__baseline_mean,pls_ret_ff5_curve_macro7_H1_k1,pls,1,1,1.0,1.0,returns|ff5|curve_core|macro7,,,,ported_legacy_v2,,rolling240m_annual,rolling,240,12,1,0.029173807485265792,0.03258627241426604,0.00042772230273631823,-0.008630399519463119,0.6884673243712661,0.6884673243712661,0.534134815732075,0.4527313848298308,234.0,192.0,240.0,0.6760339938725547,0.8186830703090167,1,trailing_holdout,240,False,False,False,False,True,0.62,1.0,0.52,0.52,0.02479773636247592,6.415834541044773e-05,0.0,0.02486189470788637,baseline_mean,factor_apt,21,False,False,False,False,
pls_ret_ff5_curve_macro7_H1_k1__rolling240m_annual__regime_mean,pls_ret_ff5_curve_macro7_H1_k1,pls,1,1,1.0,1.0,returns|ff5|curve_core|macro7,,,,ported_legacy_v2,,rolling240m_annual,rolling,240,12,1,0.029173807485265792,0.03258627241426604,0.00042772230273631823,-0.008630399519463119,0.6884673243712661,0.6884673243712661,0.534134815732075,0.4527313848298308,234.0,192.0,240.0,0.6760339938725547,0.8186830703090167,1,trailing_holdout,240,False,False,False,False,True,0.62,1.0,0.52,0.52,0.02479773636247592,6.415834541044773e-05,0.0,0.02486189470788637,regime_mean,factor_apt_regime,22,False,False,False,False,
ff3_pcares_k1__rolling240m_annual__baseline_mean,ff3_pcares_k1,resid_pca,4,4,,,,,ff3,1.0,ported_legacy_v2,,rolling240m_annual,rolling,240,12,1,0.03179692894848688,0.021126263668349132,-0.015222093578449478,-0.04030497112439852,0.030395567099886805,0.030870417153205654,-0.03259128838540071,-0.04459130456474664,234.0,192.0,240.0,0.3685917480964294,0.9706277126730409,1,trailing_holdout,240,False,False,False,True,True,0.7,0.72,0.18000000000000005,0.07999999999999996,0.02702738960621385,-0.002283314036767422,0.0,0.02474407556944643,baseline_mean,factor_apt,23,False,False,False,False,
ff3_pcares_k1__rolling240m_annual__regime_mean,ff3_pcares_k1,resid_pca,4,4,,,,,ff3,1.0,ported_legacy_v2,,rolling240m_annual,rolling,240,12,1,0.03179692894848688,0.021126263668349132,-0.015222093578449478,-0.04030497112439852,0.030395567099886805,0.030870417153205654,-0.03259128838540071,-0.04459130456474664,234.0,192.0,240.0,0.3685917480964294,0.9706277126730409,1,trailing_holdout,240,False,False,False,True,True,0.7,0.72,0.18000000000000005,0.07999999999999996,0.02702738960621385,-0.002283314036767422,0.0,0.02474407556944643,regime_mean,factor_apt_regime,24,False,False,False,False,
ff3_curve_core__rolling240m_annual__baseline_mean,ff3_curve_core,provided,6,6,,,,ff3_curve_core,,,ported_legacy_v2,,rolling240m_annual,rolling,240,12,1,0.030676621470172916,0.015357057068099755,-0.013792759504870085,-0.03492730296901032,0.023751578357497805,0.018745403475835087,-0.03650219075001915,-0.05279970086348055,234.0,192.0,240.0,0.4143239431645978,0.9809841828565401,1,trailing_holdout,240,False,False,True,True,False,0.6599999999999999,0.74,0.14,0.06000000000000005,0.026075128249646976,-0.0020689139257305126,0.0,0.024006214323916465,baseline_mean,factor_apt,25,False,False,False,False,
ff3_curve_core__rolling240m_annual__regime_mean,ff3_curve_core,provided,6,6,,,,ff3_curve_core,,,ported_legacy_v2,,rolling240m_annual,rolling,240,12,1,0.030676621470172916,0.015357057068099755,-0.013792759504870085,-0.03492730296901032,0.023751578357497805,0.018745403475835087,-0.03650219075001915,-0.05279970086348055,234.0,192.0,240.0,0.4143239431645978,0.9809841828565401,1,trailing_holdout,240,False,False,True,True,False,0.6599999999999999,0.74,0.14,0.06000000000000005,0.026075128249646976,-0.0020689139257305126,0.0,0.024006214323916465,regime_mean,factor_apt_regime,26,False,False,False,False,
pls_H12_k3__rolling240m_annual__baseline_mean,pls_H12_k3,pls,3,3,12.0,3.0,returns,,,,ported_legacy_v2,pls_H12_k3,rolling240m_annual,rolling,240,12,1,0.03646290278674153,0.033205818020257016,-0.04696214866102667,-0.06972261990671588,0.5302290208567761,0.5207774839493116,0.4536666229494735,0.34572061395615544,234.0,192.0,240.0,0.44363184613223616,0.9421926945689763,1,trailing_holdout,240,False,False,False,False,True,0.8200000000000001,0.36,0.28,0.26,0.0309934673687303,-0.007044322299154001,0.0,0.0239491450695763,baseline_mean,factor_apt,27,False,False,False,False,
pls_H12_k3__rolling240m_annual__regime_mean,pls_H12_k3,pls,3,3,12.0,3.0,returns,,,,ported_legacy_v2,pls_H12_k3,rolling240m_annual,rolling,240,12,1,0.03646290278674153,0.033205818020257016,-0.04696214866102667,-0.06972261990671588,0.5302290208567761,0.5207774839493116,0.4536666229494735,0.34572061395615544,234.0,192.0,240.0,0.44363184613223616,0.9421926945689763,1,trailing_holdout,240,False,False,False,False,True,0.8200000000000001,0.36,0.28,0.26,0.0309934673687303,-0.007044322299154001,0.0,0.0239491450695763,regime_mean,factor_apt_regime,28,False,False,False,False,
pca_k4__rolling240m_annual__baseline_mean,pca_k4,pca,4,4,,4.0,,,,,ported_legacy_v2,pca_only_k4,rolling240m_annual,rolling,240,12,1,0.030819810162815986,0.021193248948834564,-0.01556208242639539,-0.03732438974146854,0.016758381430603264,0.03570076885429563,-0.04213972277518971,-0.050220310488090836,234.0,192.0,240.0,0.37646390872551216,0.9823080522523575,1,trailing_holdout,240,False,False,True,True,False,0.6799999999999999,0.7,0.09999999999999998,0.040000000000000036,0.026196838638393588,-0.0023343123639593083,0.0,0.02386252627443428,baseline_mean,factor_apt,29,False,False,False,False,
pca_k4__rolling240m_annual__regime_mean,pca_k4,pca,4,4,,4.0,,,,,ported_legacy_v2,pca_only_k4,rolling240m_annual,rolling,240,12,1,0.030819810162815986,0.021193248948834564,-0.01556208242639539,-0.03732438974146854,0.016758381430603264,0.03570076885429563,-0.04213972277518971,-0.050220310488090836,234.0,192.0,240.0,0.37646390872551216,0.9823080522523575,1,trailing_holdout,240,False,False,True,True,False,0.6799999999999999,0.7,0.09999999999999998,0.040000000000000036,0.026196838638393588,-0.0023343123639593083,0.0,0.02386252627443428,regime_mean,factor_apt_regime,30,False,False,False,False,
pls_H6_k1__rolling240m_annual__baseline_mean,pls_H6_k1,pls,1,1,6.0,1.0,returns,,,,ported_legacy_v2,pls_H6_k1,rolling240m_annual,rolling,240,12,1,0.027075820876334374,0.03274545536788376,-0.004124441809816292,-0.012245709204260232,0.5924133246321068,0.5924133246321068,0.5139328360953697,0.37935292390571973,234.0,192.0,240.0,0.41361103721016007,0.9450352321075822,1,trailing_holdout,240,False,False,False,False,True,0.6,0.88,0.5,0.4,0.023014447744884217,-0.0006186662714724437,0.0,0.022395781473411775,baseline_mean,factor_apt,31,False,False,False,False,
pls_H6_k1__rolling240m_annual__regime_mean,pls_H6_k1,pls,1,1,6.0,1.0,returns,,,,ported_legacy_v2,pls_H6_k1,rolling240m_annual,rolling,240,12,1,0.027075820876334374,0.03274545536788376,-0.004124441809816292,-0.012245709204260232,0.5924133246321068,0.5924133246321068,0.5139328360953697,0.37935292390571973,234.0,192.0,240.0,0.41361103721016007,0.9450352321075822,1,trailing_holdout,240,False,False,False,False,True,0.6,0.88,0.5,0.4,0.023014447744884217,-0.0006186662714724437,0.0,0.022395781473411775,regime_mean,factor_apt_regime,32,False,False,False,False,
pls_ret_ff5_curve_macro7_H6_k1__rolling240m_annual__baseline_mean,pls_ret_ff5_curve_macro7_H6_k1,pls,1,1,6.0,1.0,returns|ff5|curve_core|macro7,,,,ported_legacy_v2,,rolling240m_annual,rolling,240,12,1,0.025076372890439055,0.02555430764542277,-0.01870540357044803,-0.03769176059358311,0.8078139697757398,0.8078139697757398,0.7118136906641048,0.5930827148406159,234.0,192.0,240.0,0.33004217174656536,0.8921808105313007,1,trailing_holdout,240,False,False,False,False,True,0.56,0.62,0.6599999999999999,0.7,0.021314916956873195,-0.0028058105355672045,0.0,0.01850910642130599,baseline_mean,factor_apt,33,False,False,False,False,
pls_ret_ff5_curve_macro7_H6_k1__rolling240m_annual__regime_mean,pls_ret_ff5_curve_macro7_H6_k1,pls,1,1,6.0,1.0,returns|ff5|curve_core|macro7,,,,ported_legacy_v2,,rolling240m_annual,rolling,240,12,1,0.025076372890439055,0.02555430764542277,-0.01870540357044803,-0.03769176059358311,0.8078139697757398,0.8078139697757398,0.7118136906641048,0.5930827148406159,234.0,192.0,240.0,0.33004217174656536,0.8921808105313007,1,trailing_holdout,240,False,False,False,False,True,0.56,0.62,0.6599999999999999,0.7,0.021314916956873195,-0.0028058105355672045,0.0,0.01850910642130599,regime_mean,factor_apt_regime,34,False,False,False,False,
pls_H2_k1__rolling240m_annual__baseline_mean,pls_H2_k1,pls,1,1,2.0,1.0,returns,,,,ported_legacy_v2,pls_H2_k1,rolling240m_annual,rolling,240,12,1,0.022387614456758038,0.024004196615339812,-0.011657515016978266,-0.019920083543555026,0.586057249214601,0.586057249214601,0.5050125260832248,0.3934040048548417,234.0,192.0,240.0,0.6718072336936003,0.8499217456929818,1,trailing_holdout,240,False,False,False,False,True,0.52,0.76,0.45999999999999996,0.36,0.019029472288244333,-0.0017486272525467398,0.0,0.017280845035697594,baseline_mean,factor_apt,35,False,False,False,False,
pls_H2_k1__rolling240m_annual__regime_mean,pls_H2_k1,pls,1,1,2.0,1.0,returns,,,,ported_legacy_v2,pls_H2_k1,rolling240m_annual,rolling,240,12,1,0.022387614456758038,0.024004196615339812,-0.011657515016978266,-0.019920083543555026,0.586057249214601,0.586057249214601,0.5050125260832248,0.3934040048548417,234.0,192.0,240.0,0.6718072336936003,0.8499217456929818,1,trailing_holdout,240,False,False,False,False,True,0.52,0.76,0.45999999999999996,0.36,0.019029472288244333,-0.0017486272525467398,0.0,0.017280845035697594,regime_mean,factor_apt_regime,36,False,False,False,False,
pca_k1__rolling240m_annual__baseline_mean,pca_k1,pca,1,1,,1.0,,,,,ported_legacy_v2,pca_only_k1,rolling240m_annual,rolling,240,12,1,0.019553473495871332,0.010771107861305307,-0.009240556426773053,-0.02403889891804383,0.027422443401133312,0.027422443401133312,-0.0012218132530219528,-0.03564980549003982,234.0,192.0,240.0,0.7014591450133735,0.9829047513533912,1,trailing_holdout,240,False,False,True,True,False,0.4,0.8,0.16000000000000003,0.24,0.016620452471490632,-0.001386083464015958,0.0,0.015234369007474675,baseline_mean,factor_apt,37,False,False,False,False,
pca_k1__rolling240m_annual__regime_mean,pca_k1,pca,1,1,,1.0,,,,,ported_legacy_v2,pca_only_k1,rolling240m_annual,rolling,240,12,1,0.019553473495871332,0.010771107861305307,-0.009240556426773053,-0.02403889891804383,0.027422443401133312,0.027422443401133312,-0.0012218132530219528,-0.03564980549003982,234.0,192.0,240.0,0.7014591450133735,0.9829047513533912,1,trailing_holdout,240,False,False,True,True,False,0.4,0.8,0.16000000000000003,0.24,0.016620452471490632,-0.001386083464015958,0.0,0.015234369007474675,regime_mean,factor_apt_regime,38,False,False,False,False,
pls_ret_ff5_curve_macro7_H3_k2__rolling240m_annual__baseline_mean,pls_ret_ff5_curve_macro7_H3_k2,pls,2,2,3.0,2.0,returns|ff5|curve_core|macro7,,,,ported_legacy_v2,,rolling240m_annual,rolling,240,12,1,0.03853953775139153,0.03788566640537505,-0.11841530274934156,-0.1670482318479115,0.7919986089334919,0.7919986089334919,0.6708536105261075,0.5380259735940955,234.0,192.0,240.0,0.5091380861940428,0.9444976524662684,1,trailing_holdout,240,False,False,False,False,True,0.86,0.14,0.62,0.6,0.0327586070886828,-0.017762295412401232,0.0,0.014996311676281567,baseline_mean,factor_apt,39,False,False,False,False,
pls_ret_ff5_curve_macro7_H3_k2__rolling240m_annual__regime_mean,pls_ret_ff5_curve_macro7_H3_k2,pls,2,2,3.0,2.0,returns|ff5|curve_core|macro7,,,,ported_legacy_v2,,rolling240m_annual,rolling,240,12,1,0.03853953775139153,0.03788566640537505,-0.11841530274934156,-0.1670482318479115,0.7919986089334919,0.7919986089334919,0.6708536105261075,0.5380259735940955,234.0,192.0,240.0,0.5091380861940428,0.9444976524662684,1,trailing_holdout,240,False,False,False,False,True,0.86,0.14,0.62,0.6,0.0327586070886828,-0.017762295412401232,0.0,0.014996311676281567,regime_mean,factor_apt_regime,40,False,False,False,False,
pls_H3_k1__rolling240m_annual__baseline_mean,pls_H3_k1,pls,1,1,3.0,1.0,returns,,,,ported_legacy_v2,pls_H3_k1,rolling240m_annual,rolling,240,12,1,0.020007628213860422,0.02082330074230998,-0.015751659924738495,-0.024840675284388034,0.5803615276858605,0.5803615276858605,0.4946876636221743,0.39058536025672763,234.0,192.0,240.0,0.7537360520229668,0.9306134064643116,1,trailing_holdout,240,False,False,False,False,True,0.42000000000000004,0.6799999999999999,0.4,0.30000000000000004,0.017006483981781357,-0.0023627489887107743,0.0,0.014643734993070583,baseline_mean,factor_apt,41,False,False,False,False,
pls_H3_k1__rolling240m_annual__regime_mean,pls_H3_k1,pls,1,1,3.0,1.0,returns,,,,ported_legacy_v2,pls_H3_k1,rolling240m_annual,rolling,240,12,1,0.020007628213860422,0.02082330074230998,-0.015751659924738495,-0.024840675284388034,0.5803615276858605,0.5803615276858605,0.4946876636221743,0.39058536025672763,234.0,192.0,240.0,0.7537360520229668,0.9306134064643116,1,trailing_holdout,240,False,False,False,False,True,0.42000000000000004,0.6799999999999999,0.4,0.30000000000000004,0.017006483981781357,-0.0023627489887107743,0.0,0.014643734993070583,regime_mean,factor_apt_regime,42,False,False,False,False,
pls_H6_k3__rolling240m_annual__baseline_mean,pls_H6_k3,pls,3,3,6.0,3.0,returns,,,,ported_legacy_v2,pls_H6_k3,rolling240m_annual,rolling,240,12,1,0.020138640333812963,0.02092089433817268,-0.024295605387041945,-0.042454704760218696,0.5118123001936918,0.5401683437334377,0.4985762161208716,0.4380575443959402,234.0,192.0,240.0,0.4031990405684007,0.963247617050549,1,trailing_holdout,240,False,False,False,True,True,0.43999999999999995,0.5800000000000001,0.26,0.31999999999999995,0.017117844283741017,-0.0036443408080562914,0.0,0.013473503475684726,baseline_mean,factor_apt,43,False,False,False,False,
pls_H6_k3__rolling240m_annual__regime_mean,pls_H6_k3,pls,3,3,6.0,3.0,returns,,,,ported_legacy_v2,pls_H6_k3,rolling240m_annual,rolling,240,12,1,0.020138640333812963,0.02092089433817268,-0.024295605387041945,-0.042454704760218696,0.5118123001936918,0.5401683437334377,0.4985762161208716,0.4380575443959402,234.0,192.0,240.0,0.4031990405684007,0.963247617050549,1,trailing_holdout,240,False,False,False,True,True,0.43999999999999995,0.5800000000000001,0.26,0.31999999999999995,0.017117844283741017,-0.0036443408080562914,0.0,0.013473503475684726,regime_mean,factor_apt_regime,44,False,False,False,False,
pls_H1_k1__rolling240m_annual__baseline_mean,pls_H1_k1,pls,1,1,1.0,1.0,returns,,,,ported_legacy_v2,pls_H1_k1,rolling240m_annual,rolling,240,12,1,0.017979423610254768,0.017227976446014814,-0.01655044250448391,-0.02652882819144305,0.5786784272895562,0.5786784272895562,0.500200739930788,0.4044037576575922,234.0,192.0,240.0,0.7569305064362007,0.8535092389237354,1,trailing_holdout,240,False,False,False,False,True,0.36,0.6599999999999999,0.38,0.33999999999999997,0.015282510068716552,-0.0024825663756725866,0.0,0.012799943693043965,baseline_mean,factor_apt,45,False,False,False,False,
pls_H1_k1__rolling240m_annual__regime_mean,pls_H1_k1,pls,1,1,1.0,1.0,returns,,,,ported_legacy_v2,pls_H1_k1,rolling240m_annual,rolling,240,12,1,0.017979423610254768,0.017227976446014814,-0.01655044250448391,-0.02652882819144305,0.5786784272895562,0.5786784272895562,0.500200739930788,0.4044037576575922,234.0,192.0,240.0,0.7569305064362007,0.8535092389237354,1,trailing_holdout,240,False,False,False,False,True,0.36,0.6599999999999999,0.38,0.33999999999999997,0.015282510068716552,-0.0024825663756725866,0.0,0.012799943693043965,regime_mean,factor_apt_regime,46,False,False,False,False,
ff5_pcares_k1__rolling240m_annual__baseline_mean,ff5_pcares_k1,resid_pca,6,6,,,,,ff5,1.0,ported_legacy_v2,,rolling240m_annual,rolling,240,12,1,0.01817692468052025,0.007246341334987805,-0.029409594741337,-0.0889757539963261,0.015514935654031392,0.005193340032999372,-0.02556915679725245,-0.05208770052474317,234.0,192.0,240.0,0.30445900232423223,0.9706801530661093,1,trailing_holdout,240,False,False,False,True,True,0.38,0.56,0.07999999999999996,0.14,0.015450385978442211,-0.00441143921120055,0.0,0.011038946767241662,baseline_mean,factor_apt,47,False,False,False,False,
ff5_pcares_k1__rolling240m_annual__regime_mean,ff5_pcares_k1,resid_pca,6,6,,,,,ff5,1.0,ported_legacy_v2,,rolling240m_annual,rolling,240,12,1,0.01817692468052025,0.007246341334987805,-0.029409594741337,-0.0889757539963261,0.015514935654031392,0.005193340032999372,-0.02556915679725245,-0.05208770052474317,234.0,192.0,240.0,0.30445900232423223,0.9706801530661093,1,trailing_holdout,240,False,False,False,True,True,0.38,0.56,0.07999999999999996,0.14,0.015450385978442211,-0.00441143921120055,0.0,0.011038946767241662,regime_mean,factor_apt_regime,48,False,False,False,False,
ff5_curve_core__rolling240m_annual__baseline_mean,ff5_curve_core,provided,8,8,,,,ff5_curve_core,,,ported_legacy_v2,,rolling240m_annual,rolling,240,12,1,0.017621452495412717,-0.0001310437644512774,-0.031064105561470087,-0.08275682983407313,0.006828269240081036,-0.0015760995591836968,-0.043441379286509804,-0.05624678521382537,234.0,192.0,240.0,0.3541999462591098,0.9811508894042947,1,trailing_holdout,240,False,False,True,True,False,0.33999999999999997,0.52,0.040000000000000036,0.020000000000000018,0.01497823462110081,-0.004659615834220513,0.0,0.010318618786880297,baseline_mean,factor_apt,49,False,False,False,False,
ff5_curve_core__rolling240m_annual__regime_mean,ff5_curve_core,provided,8,8,,,,ff5_curve_core,,,ported_legacy_v2,,rolling240m_annual,rolling,240,12,1,0.017621452495412717,-0.0001310437644512774,-0.031064105561470087,-0.08275682983407313,0.006828269240081036,-0.0015760995591836968,-0.043441379286509804,-0.05624678521382537,234.0,192.0,240.0,0.3541999462591098,0.9811508894042947,1,trailing_holdout,240,False,False,True,True,False,0.33999999999999997,0.52,0.040000000000000036,0.020000000000000018,0.01497823462110081,-0.004659615834220513,0.0,0.010318618786880297,regime_mean,factor_apt_regime,50,False,False,False,False,
ff3_pcares_k2__rolling240m_annual__baseline_mean,ff3_pcares_k2,resid_pca,5,5,,,,,ff3,2.0,ported_legacy_v2,,rolling240m_annual,rolling,240,12,1,0.016915611398805326,0.015053807196536817,-0.03222315342439149,-0.08186576953469128,0.012116514551231394,0.019312903065867526,-0.02671736547449115,-0.03424377153037543,234.0,192.0,240.0,0.30772274660359844,0.9706222491229124,1,trailing_holdout,240,False,False,False,True,True,0.30000000000000004,0.5,0.06000000000000005,0.09999999999999998,0.014378269688984526,-0.004833473013658724,0.0,0.009544796675325803,baseline_mean,factor_apt,51,False,False,False,False,
ff3_pcares_k2__rolling240m_annual__regime_mean,ff3_pcares_k2,resid_pca,5,5,,,,,ff3,2.0,ported_legacy_v2,,rolling240m_annual,rolling,240,12,1,0.016915611398805326,0.015053807196536817,-0.03222315342439149,-0.08186576953469128,0.012116514551231394,0.019312903065867526,-0.02671736547449115,-0.03424377153037543,234.0,192.0,240.0,0.30772274660359844,0.9706222491229124,1,trailing_holdout,240,False,False,False,True,True,0.30000000000000004,0.5,0.06000000000000005,0.09999999999999998,0.014378269688984526,-0.004833473013658724,0.0,0.009544796675325803,regime_mean,factor_apt_regime,52,False,False,False,False,
ff1__rolling240m_annual__baseline_mean,ff1,provided,1,1,,,,ff1,,,ported_legacy_v2,ff_mkt,rolling240m_annual,rolling,240,12,1,0.012817353393551648,0.008329449015503698,-0.010676319871876906,-0.017831436098041276,0.00649980496197744,0.00649980496197744,-0.013340794571699677,-0.025516536150804736,234.0,192.0,240.0,0.6929282621256113,0.9709018562872646,1,trailing_holdout,240,False,False,False,True,True,0.24,0.78,0.020000000000000018,0.21999999999999997,0.010894750384518901,-0.0016014479807815358,0.0,0.009293302403737365,baseline_mean,factor_apt,53,False,False,False,False,
ff1__rolling240m_annual__regime_mean,ff1,provided,1,1,,,,ff1,,,ported_legacy_v2,ff_mkt,rolling240m_annual,rolling,240,12,1,0.012817353393551648,0.008329449015503698,-0.010676319871876906,-0.017831436098041276,0.00649980496197744,0.00649980496197744,-0.013340794571699677,-0.025516536150804736,234.0,192.0,240.0,0.6929282621256113,0.9709018562872646,1,trailing_holdout,240,False,False,False,True,True,0.24,0.78,0.020000000000000018,0.21999999999999997,0.010894750384518901,-0.0016014479807815358,0.0,0.009293302403737365,regime_mean,factor_apt_regime,54,False,False,False,False,
pls_ret_ff5_curve_macro7_H2_k2__rolling240m_annual__baseline_mean,pls_ret_ff5_curve_macro7_H2_k2,pls,2,2,2.0,2.0,returns|ff5|curve_core|macro7,,,,ported_legacy_v2,,rolling240m_annual,rolling,240,12,1,0.035150160313622864,0.031200880490054206,-0.14432165411872377,-0.19532288046274995,0.811466233196545,0.811466233196545,0.6830621280997464,0.6377050101931694,234.0,192.0,240.0,0.5499147446299139,0.9184141271103254,1,trailing_holdout,240,False,False,False,False,True,0.8,0.040000000000000036,0.6799999999999999,0.64,0.029877636266579435,-0.021648248117808567,0.0,0.008229388148770868,baseline_mean,factor_apt,55,False,False,False,False,
pls_ret_ff5_curve_macro7_H2_k2__rolling240m_annual__regime_mean,pls_ret_ff5_curve_macro7_H2_k2,pls,2,2,2.0,2.0,returns|ff5|curve_core|macro7,,,,ported_legacy_v2,,rolling240m_annual,rolling,240,12,1,0.035150160313622864,0.031200880490054206,-0.14432165411872377,-0.19532288046274995,0.811466233196545,0.811466233196545,0.6830621280997464,0.6377050101931694,234.0,192.0,240.0,0.5499147446299139,0.9184141271103254,1,trailing_holdout,240,False,False,False,False,True,0.8,0.040000000000000036,0.6799999999999999,0.64,0.029877636266579435,-0.021648248117808567,0.0,0.008229388148770868,regime_mean,factor_apt_regime,56,False,False,False,False,
pls_ret_macro7_H6_k3__rolling240m_annual__baseline_mean,pls_ret_macro7_H6_k3,pls,3,3,6.0,3.0,returns|macro7,,,,ported_legacy_v2,pls_ret_macro7_H6_k3,rolling240m_annual,rolling,240,12,1,0.032683004182462456,0.02997016045586176,-0.1340184171258646,-0.190160830861465,0.8445539203156764,0.9381460220415577,0.7779210861320459,0.7592104861443576,234.0,192.0,240.0,0.5404871581940073,0.873862300657367,1,trailing_holdout,240,False,False,False,False,True,0.74,0.12,0.72,0.78,0.027780553555093086,-0.02010276256887969,0.0,0.007677790986213396,baseline_mean,factor_apt,57,False,False,False,False,
pls_ret_macro7_H6_k3__rolling240m_annual__regime_mean,pls_ret_macro7_H6_k3,pls,3,3,6.0,3.0,returns|macro7,,,,ported_legacy_v2,pls_ret_macro7_H6_k3,rolling240m_annual,rolling,240,12,1,0.032683004182462456,0.02997016045586176,-0.1340184171258646,-0.190160830861465,0.8445539203156764,0.9381460220415577,0.7779210861320459,0.7592104861443576,234.0,192.0,240.0,0.5404871581940073,0.873862300657367,1,trailing_holdout,240,False,False,False,False,True,0.74,0.12,0.72,0.78,0.027780553555093086,-0.02010276256887969,0.0,0.007677790986213396,regime_mean,factor_apt_regime,58,False,False,False,False,
pls_ret_ff5_macro7_H6_k3__rolling240m_annual__baseline_mean,pls_ret_ff5_macro7_H6_k3,pls,3,3,6.0,3.0,returns|ff5|macro7,,,,ported_legacy_v2,pls_ret_ff5_macro7_H6_k3,rolling240m_annual,rolling,240,12,1,0.032630676820634225,0.030388084866287746,-0.13657272109857355,-0.1960768866797235,0.8575798248514893,0.9389390821417469,0.7838895683283775,0.7667450107193052,234.0,192.0,240.0,0.5735593595369634,0.880630529517992,1,trailing_holdout,240,False,False,False,False,True,0.72,0.07999999999999996,0.74,0.8,0.02773607529753909,-0.020485908164786033,0.0,0.007250167132753057,baseline_mean,factor_apt,59,False,False,False,False,
pls_ret_ff5_macro7_H6_k3__rolling240m_annual__regime_mean,pls_ret_ff5_macro7_H6_k3,pls,3,3,6.0,3.0,returns|ff5|macro7,,,,ported_legacy_v2,pls_ret_ff5_macro7_H6_k3,rolling240m_annual,rolling,240,12,1,0.032630676820634225,0.030388084866287746,-0.13657272109857355,-0.1960768866797235,0.8575798248514893,0.9389390821417469,0.7838895683283775,0.7667450107193052,234.0,192.0,240.0,0.5735593595369634,0.880630529517992,1,trailing_holdout,240,False,False,False,False,True,0.72,0.07999999999999996,0.74,0.8,0.02773607529753909,-0.020485908164786033,0.0,0.007250167132753057,regime_mean,factor_apt_regime,60,False,False,False,False,
pca_k3__rolling240m_annual__baseline_mean,pca_k3,pca,3,3,,3.0,,,,,ported_legacy_v2,pca_only_k3,rolling240m_annual,rolling,240,12,1,0.009565658003581902,0.001006943065312682,-0.01743360365657292,-0.05471598438362727,0.03282358427155344,0.03916222976623096,-0.02581378906659852,-0.031617713567166694,234.0,192.0,240.0,0.418666789011381,0.982863100185389,1,trailing_holdout,240,False,False,True,True,False,0.18000000000000005,0.64,0.19999999999999996,0.12,0.008130809303044616,-0.002615040548485938,0.0,0.0055157687545586784,baseline_mean,factor_apt,61,False,False,False,False,
pca_k3__rolling240m_annual__regime_mean,pca_k3,pca,3,3,,3.0,,,,,ported_legacy_v2,pca_only_k3,rolling240m_annual,rolling,240,12,1,0.009565658003581902,0.001006943065312682,-0.01743360365657292,-0.05471598438362727,0.03282358427155344,0.03916222976623096,-0.02581378906659852,-0.031617713567166694,234.0,192.0,240.0,0.418666789011381,0.982863100185389,1,trailing_holdout,240,False,False,True,True,False,0.18000000000000005,0.64,0.19999999999999996,0.12,0.008130809303044616,-0.002615040548485938,0.0,0.0055157687545586784,regime_mean,factor_apt_regime,62,False,False,False,False,
pca_k2__rolling240m_annual__baseline_mean,pca_k2,pca,2,2,,2.0,,,,,ported_legacy_v2,pca_only_k2,rolling240m_annual,rolling,240,12,1,0.010329538413667412,0.002843683796738161,-0.023317375015633825,-0.06235775368662788,0.03311973676919977,0.03311973676919977,-0.020707683626374318,-0.0261826253834182,234.0,192.0,240.0,0.5184504503643087,0.9830060580886829,1,trailing_holdout,240,False,False,True,True,False,0.19999999999999996,0.6,0.21999999999999997,0.19999999999999996,0.0087801076516173,-0.0034976062523450735,0.0,0.005282501399272227,baseline_mean,factor_apt,63,False,False,False,False,
pca_k2__rolling240m_annual__regime_mean,pca_k2,pca,2,2,,2.0,,,,,ported_legacy_v2,pca_only_k2,rolling240m_annual,rolling,240,12,1,0.010329538413667412,0.002843683796738161,-0.023317375015633825,-0.06235775368662788,0.03311973676919977,0.03311973676919977,-0.020707683626374318,-0.0261826253834182,234.0,192.0,240.0,0.5184504503643087,0.9830060580886829,1,trailing_holdout,240,False,False,True,True,False,0.19999999999999996,0.6,0.21999999999999997,0.19999999999999996,0.0087801076516173,-0.0034976062523450735,0.0,0.005282501399272227,regime_mean,factor_apt_regime,64,False,False,False,False,
pls_ret_ff5_macro7_H12_k2__rolling240m_annual__baseline_mean,pls_ret_ff5_macro7_H12_k2,pls,2,2,12.0,2.0,returns|ff5|macro7,,,,ported_legacy_v2,pls_ret_ff5_macro7_H12_k2,rolling240m_annual,rolling,240,12,1,0.014851916851725896,0.02055887346589491,-0.049204664641526855,-0.07694888726110143,0.9868945237432569,0.9868945237432569,0.9330120797678925,0.8896488433245737,234.0,192.0,240.0,0.556556184680384,0.6700514609321405,1,trailing_holdout,240,False,False,False,False,True,0.28,0.30000000000000004,1.0,1.0,0.01262412932396701,-0.007380699696229028,0.0,0.005243429627737983,baseline_mean,factor_apt,65,False,False,False,False,
pls_ret_ff5_macro7_H12_k2__rolling240m_annual__regime_mean,pls_ret_ff5_macro7_H12_k2,pls,2,2,12.0,2.0,returns|ff5|macro7,,,,ported_legacy_v2,pls_ret_ff5_macro7_H12_k2,rolling240m_annual,rolling,240,12,1,0.014851916851725896,0.02055887346589491,-0.049204664641526855,-0.07694888726110143,0.9868945237432569,0.9868945237432569,0.9330120797678925,0.8896488433245737,234.0,192.0,240.0,0.556556184680384,0.6700514609321405,1,trailing_holdout,240,False,False,False,False,True,0.28,0.30000000000000004,1.0,1.0,0.01262412932396701,-0.007380699696229028,0.0,0.005243429627737983,regime_mean,factor_apt_regime,66,False,False,False,False,
pls_ret_macro7_H12_k2__rolling240m_annual__baseline_mean,pls_ret_macro7_H12_k2,pls,2,2,12.0,2.0,returns|macro7,,,,ported_legacy_v2,pls_ret_macro7_H12_k2,rolling240m_annual,rolling,240,12,1,0.014281900696763987,0.019593533936165586,-0.04945070786109602,-0.0803406004551125,0.985824474543623,0.985824474543623,0.9082546578142481,0.8566560998205777,234.0,192.0,240.0,0.39556906543939513,0.6935135922054917,1,trailing_holdout,240,False,False,False,False,True,0.26,0.28,0.98,0.98,0.012139615592249388,-0.007417606179164402,0.0,0.004722009413084986,baseline_mean,factor_apt,67,False,False,False,False,
pls_ret_macro7_H12_k2__rolling240m_annual__regime_mean,pls_ret_macro7_H12_k2,pls,2,2,12.0,2.0,returns|macro7,,,,ported_legacy_v2,pls_ret_macro7_H12_k2,rolling240m_annual,rolling,240,12,1,0.014281900696763987,0.019593533936165586,-0.04945070786109602,-0.0803406004551125,0.985824474543623,0.985824474543623,0.9082546578142481,0.8566560998205777,234.0,192.0,240.0,0.39556906543939513,0.6935135922054917,1,trailing_holdout,240,False,False,False,False,True,0.26,0.28,0.98,0.98,0.012139615592249388,-0.007417606179164402,0.0,0.004722009413084986,regime_mean,factor_apt_regime,68,False,False,False,False,
pls_ret_ff5_macro7_H12_k3__rolling240m_annual__baseline_mean,pls_ret_ff5_macro7_H12_k3,pls,3,3,12.0,3.0,returns|ff5|macro7,,,,ported_legacy_v2,pls_ret_ff5_macro7_H12_k3,rolling240m_annual,rolling,240,12,1,0.021859286708578902,0.019002516131322644,-0.09375834044782805,-0.1460026375250375,0.8769189165809997,0.9867852002604907,0.771420171043166,0.7516823611548936,234.0,192.0,240.0,0.6075665645613234,0.8089246089816273,1,trailing_holdout,240,False,False,False,False,True,0.5,0.18000000000000005,0.76,0.74,0.018580393702292065,-0.014063751067174207,0.0,0.004516642635117859,baseline_mean,factor_apt,69,False,False,False,False,
pls_ret_ff5_macro7_H12_k3__rolling240m_annual__regime_mean,pls_ret_ff5_macro7_H12_k3,pls,3,3,12.0,3.0,returns|ff5|macro7,,,,ported_legacy_v2,pls_ret_ff5_macro7_H12_k3,rolling240m_annual,rolling,240,12,1,0.021859286708578902,0.019002516131322644,-0.09375834044782805,-0.1460026375250375,0.8769189165809997,0.9867852002604907,0.771420171043166,0.7516823611548936,234.0,192.0,240.0,0.6075665645613234,0.8089246089816273,1,trailing_holdout,240,False,False,False,False,True,0.5,0.18000000000000005,0.76,0.74,0.018580393702292065,-0.014063751067174207,0.0,0.004516642635117859,regime_mean,factor_apt_regime,70,False,False,False,False,
pls_ret_ff5_curve_macro7_H6_k2__rolling240m_annual__baseline_mean,pls_ret_ff5_curve_macro7_H6_k2,pls,2,2,6.0,2.0,returns|ff5|curve_core|macro7,,,,ported_legacy_v2,,rolling240m_annual,rolling,240,12,1,0.029251094198369614,0.021495919356361637,-0.1357077149471065,-0.17226877447420086,0.8316109519179316,0.8316109519179316,0.6691645271249873,0.6171150237243052,234.0,192.0,240.0,0.5294072911453745,0.9010957216572075,1,trailing_holdout,240,False,False,False,False,True,0.64,0.09999999999999998,0.7,0.5800000000000001,0.024863430068614172,-0.020356157242065975,0.0,0.004507272826548198,baseline_mean,factor_apt,71,False,False,False,False,
pls_ret_ff5_curve_macro7_H6_k2__rolling240m_annual__regime_mean,pls_ret_ff5_curve_macro7_H6_k2,pls,2,2,6.0,2.0,returns|ff5|curve_core|macro7,,,,ported_legacy_v2,,rolling240m_annual,rolling,240,12,1,0.029251094198369614,0.021495919356361637,-0.1357077149471065,-0.17226877447420086,0.8316109519179316,0.8316109519179316,0.6691645271249873,0.6171150237243052,234.0,192.0,240.0,0.5294072911453745,0.9010957216572075,1,trailing_holdout,240,False,False,False,False,True,0.64,0.09999999999999998,0.7,0.5800000000000001,0.024863430068614172,-0.020356157242065975,0.0,0.004507272826548198,regime_mean,factor_apt_regime,72,False,False,False,False,
ff3__rolling240m_annual__baseline_mean,ff3,provided,3,3,,,,ff3,,,ported_legacy_v2,ff3_only,rolling240m_annual,rolling,240,12,1,0.011088817162296717,-0.003409063853133887,-0.03333628215229879,-0.05809571757604616,0.04426235344784757,0.04107156178196314,-0.02311187754267859,-0.03702792265061775,234.0,192.0,240.0,0.3971897095669893,0.9710219523087105,1,trailing_holdout,240,False,False,False,True,True,0.21999999999999997,0.48,0.24,0.16000000000000003,0.009425494587952209,-0.0050004423228448185,0.0,0.0044250522651073905,baseline_mean,factor_apt,73,False,False,False,False,
ff3__rolling240m_annual__regime_mean,ff3,provided,3,3,,,,ff3,,,ported_legacy_v2,ff3_only,rolling240m_annual,rolling,240,12,1,0.011088817162296717,-0.003409063853133887,-0.03333628215229879,-0.05809571757604616,0.04426235344784757,0.04107156178196314,-0.02311187754267859,-0.03702792265061775,234.0,192.0,240.0,0.3971897095669893,0.9710219523087105,1,trailing_holdout,240,False,False,False,True,True,0.21999999999999997,0.48,0.24,0.16000000000000003,0.009425494587952209,-0.0050004423228448185,0.0,0.0044250522651073905,regime_mean,factor_apt_regime,74,False,False,False,False,
pls_ret_ff5_curve_macro7_H24_k3__rolling240m_annual__baseline_mean,pls_ret_ff5_curve_macro7_H24_k3,pls,3,3,24.0,3.0,returns|ff5|curve_core|macro7,,,,ported_legacy_v2,,rolling240m_annual,rolling,240,12,1,0.009152672782370554,0.0026062207506708512,-0.04259156696929833,-0.06097732334385748,0.9496704068857783,0.9826686631143496,0.8522201886243597,0.838621059852693,234.0,192.0,240.0,0.6032255321134857,0.8871137779107721,1,trailing_holdout,240,False,False,False,False,True,0.16000000000000003,0.42000000000000004,0.86,0.92,0.007779771865014971,-0.00638873504539475,0.0,0.0013910368196202207,baseline_mean,factor_apt,75,False,False,False,False,
pls_ret_ff5_curve_macro7_H24_k3__rolling240m_annual__regime_mean,pls_ret_ff5_curve_macro7_H24_k3,pls,3,3,24.0,3.0,returns|ff5|curve_core|macro7,,,,ported_legacy_v2,,rolling240m_annual,rolling,240,12,1,0.009152672782370554,0.0026062207506708512,-0.04259156696929833,-0.06097732334385748,0.9496704068857783,0.9826686631143496,0.8522201886243597,0.838621059852693,234.0,192.0,240.0,0.6032255321134857,0.8871137779107721,1,trailing_holdout,240,False,False,False,False,True,0.16000000000000003,0.42000000000000004,0.86,0.92,0.007779771865014971,-0.00638873504539475,0.0,0.0013910368196202207,regime_mean,factor_apt_regime,76,False,False,False,False,
pls_ret_ff5_curve_macro7_H12_k3__rolling240m_annual__baseline_mean,pls_ret_ff5_curve_macro7_H12_k3,pls,3,3,12.0,3.0,returns|ff5|curve_core|macro7,,,,ported_legacy_v2,,rolling240m_annual,rolling,240,12,1,0.017305258996358066,0.017683300161858484,-0.09118140304037996,-0.12697027359060364,0.9529726864755403,0.9781873136139144,0.842714411979034,0.7972912742500711,234.0,192.0,240.0,0.4996377679330233,0.7809187754883072,1,trailing_holdout,240,False,False,False,False,True,0.31999999999999995,0.19999999999999996,0.88,0.9,0.014709470146904356,-0.013677210456056993,0.0,0.0010322596908473626,baseline_mean,factor_apt,77,False,False,False,False,
pls_ret_ff5_curve_macro7_H12_k3__rolling240m_annual__regime_mean,pls_ret_ff5_curve_macro7_H12_k3,pls,3,3,12.0,3.0,returns|ff5|curve_core|macro7,,,,ported_legacy_v2,,rolling240m_annual,rolling,240,12,1,0.017305258996358066,0.017683300161858484,-0.09118140304037996,-0.12697027359060364,0.9529726864755403,0.9781873136139144,0.842714411979034,0.7972912742500711,234.0,192.0,240.0,0.4996377679330233,0.7809187754883072,1,trailing_holdout,240,False,False,False,False,True,0.31999999999999995,0.19999999999999996,0.88,0.9,0.014709470146904356,-0.013677210456056993,0.0,0.0010322596908473626,regime_mean,factor_apt_regime,78,False,False,False,False,
pls_ret_macro7_H12_k3__rolling240m_annual__baseline_mean,pls_ret_macro7_H12_k3,pls,3,3,12.0,3.0,returns|macro7,,,,ported_legacy_v2,pls_ret_macro7_H12_k3,rolling240m_annual,rolling,240,12,1,0.020298147945997713,0.017349693987481984,-0.10854740857919726,-0.1654979847794402,0.9627712981927674,0.9856544788002961,0.7888678085034719,0.7616395897782393,234.0,192.0,240.0,0.499031826093033,0.7769366251213718,1,trailing_holdout,240,False,False,False,False,True,0.45999999999999996,0.16000000000000003,0.92,0.8200000000000001,0.017253425754098054,-0.016282111286879588,0.0,0.0009713144672184662,baseline_mean,factor_apt,79,False,False,False,False,
pls_ret_macro7_H12_k3__rolling240m_annual__regime_mean,pls_ret_macro7_H12_k3,pls,3,3,12.0,3.0,returns|macro7,,,,ported_legacy_v2,pls_ret_macro7_H12_k3,rolling240m_annual,rolling,240,12,1,0.020298147945997713,0.017349693987481984,-0.10854740857919726,-0.1654979847794402,0.9627712981927674,0.9856544788002961,0.7888678085034719,0.7616395897782393,234.0,192.0,240.0,0.499031826093033,0.7769366251213718,1,trailing_holdout,240,False,False,False,False,True,0.45999999999999996,0.16000000000000003,0.92,0.8200000000000001,0.017253425754098054,-0.016282111286879588,0.0,0.0009713144672184662,regime_mean,factor_apt_regime,80,False,False,False,False,
pls_ret_ff5_curve_macro7_H6_k3__rolling240m_annual__baseline_mean,pls_ret_ff5_curve_macro7_H6_k3,pls,3,3,6.0,3.0,returns|ff5|curve_core|macro7,,,,ported_legacy_v2,,rolling240m_annual,rolling,240,12,1,0.025399571302723387,0.02493510009138833,-0.13977498138183106,-0.181005858220123,0.8812565583350919,0.8390039519797879,0.7601957160151288,0.7267084303387056,234.0,192.0,240.0,0.485661102265855,0.9019948914744954,1,trailing_holdout,240,False,False,False,False,True,0.5800000000000001,0.06000000000000005,0.78,0.72,0.02158963560731488,-0.02096624720727466,0.0,0.0006233884000402187,baseline_mean,factor_apt,81,False,False,False,False,
pls_ret_ff5_curve_macro7_H6_k3__rolling240m_annual__regime_mean,pls_ret_ff5_curve_macro7_H6_k3,pls,3,3,6.0,3.0,returns|ff5|curve_core|macro7,,,,ported_legacy_v2,,rolling240m_annual,rolling,240,12,1,0.025399571302723387,0.02493510009138833,-0.13977498138183106,-0.181005858220123,0.8812565583350919,0.8390039519797879,0.7601957160151288,0.7267084303387056,234.0,192.0,240.0,0.485661102265855,0.9019948914744954,1,trailing_holdout,240,False,False,False,False,True,0.5800000000000001,0.06000000000000005,0.78,0.72,0.02158963560731488,-0.02096624720727466,0.0,0.0006233884000402187,regime_mean,factor_apt_regime,82,False,False,False,False,
ff5_pcares_k2__rolling240m_annual__baseline_mean,ff5_pcares_k2,resid_pca,7,7,,,,,ff5,2.0,ported_legacy_v2,,rolling240m_annual,rolling,240,12,1,0.0055318035832309835,0.001763313723902482,-0.041585021716703245,-0.1571521136912554,-0.005186287403902178,0.0035439109009689496,-0.04360165004279658,-0.06369829053432098,234.0,192.0,240.0,0.2692746242058552,0.9706767896466206,1,trailing_holdout,240,False,False,False,True,True,0.14,0.43999999999999995,0.0,0.0,0.004702033045746336,-0.006237753257505487,0.0,-0.001535720211759151,baseline_mean,factor_apt,83,False,False,False,False,
ff5_pcares_k2__rolling240m_annual__regime_mean,ff5_pcares_k2,resid_pca,7,7,,,,,ff5,2.0,ported_legacy_v2,,rolling240m_annual,rolling,240,12,1,0.0055318035832309835,0.001763313723902482,-0.041585021716703245,-0.1571521136912554,-0.005186287403902178,0.0035439109009689496,-0.04360165004279658,-0.06369829053432098,234.0,192.0,240.0,0.2692746242058552,0.9706767896466206,1,trailing_holdout,240,False,False,False,True,True,0.14,0.43999999999999995,0.0,0.0,0.004702033045746336,-0.006237753257505487,0.0,-0.001535720211759151,regime_mean,factor_apt_regime,84,False,False,False,False,
pls_ret_ff5_macro7_H6_k2__rolling240m_annual__baseline_mean,pls_ret_ff5_macro7_H6_k2,pls,2,2,6.0,2.0,returns|ff5|macro7,,,,ported_legacy_v2,pls_ret_ff5_macro7_H6_k2,rolling240m_annual,rolling,240,12,1,0.02248088752473729,0.014431873189626576,-0.15027047606483543,-0.21062422406973977,0.7872711653982178,0.7872711653982178,0.6996744935140358,0.6709538502815415,234.0,192.0,240.0,0.5551858443593396,0.7741100105360876,1,trailing_holdout,240,False,False,False,False,True,0.54,0.020000000000000018,0.5800000000000001,0.6799999999999999,0.019108754396026696,-0.022540571409725315,0.0,-0.003431817013698619,baseline_mean,factor_apt,85,False,False,False,False,
pls_ret_ff5_macro7_H6_k2__rolling240m_annual__regime_mean,pls_ret_ff5_macro7_H6_k2,pls,2,2,6.0,2.0,returns|ff5|macro7,,,,ported_legacy_v2,pls_ret_ff5_macro7_H6_k2,rolling240m_annual,rolling,240,12,1,0.02248088752473729,0.014431873189626576,-0.15027047606483543,-0.21062422406973977,0.7872711653982178,0.7872711653982178,0.6996744935140358,0.6709538502815415,234.0,192.0,240.0,0.5551858443593396,0.7741100105360876,1,trailing_holdout,240,False,False,False,False,True,0.54,0.020000000000000018,0.5800000000000001,0.6799999999999999,0.019108754396026696,-0.022540571409725315,0.0,-0.003431817013698619,regime_mean,factor_apt_regime,86,False,False,False,False,
pls_ret_ff5_macro7_H24_k3__rolling240m_annual__baseline_mean,pls_ret_ff5_macro7_H24_k3,pls,3,3,24.0,3.0,returns|ff5|macro7,,,,ported_legacy_v2,pls_ret_ff5_macro7_H24_k3,rolling240m_annual,rolling,240,12,1,0.003894046327386966,0.009128099755671193,-0.04497627645476479,-0.06650651853198843,0.9544153346307148,0.985125732449245,0.8564358224518281,0.8395048979716372,234.0,192.0,240.0,0.6492836964003333,0.9249665455420502,1,trailing_holdout,240,False,False,False,False,True,0.12,0.4,0.9,0.94,0.0033099393782789212,-0.0067464414682147185,0.0,-0.0034365020899357972,baseline_mean,factor_apt,87,False,False,False,False,
pls_ret_ff5_macro7_H24_k3__rolling240m_annual__regime_mean,pls_ret_ff5_macro7_H24_k3,pls,3,3,24.0,3.0,returns|ff5|macro7,,,,ported_legacy_v2,pls_ret_ff5_macro7_H24_k3,rolling240m_annual,rolling,240,12,1,0.003894046327386966,0.009128099755671193,-0.04497627645476479,-0.06650651853198843,0.9544153346307148,0.985125732449245,0.8564358224518281,0.8395048979716372,234.0,192.0,240.0,0.6492836964003333,0.9249665455420502,1,trailing_holdout,240,False,False,False,False,True,0.12,0.4,0.9,0.94,0.0033099393782789212,-0.0067464414682147185,0.0,-0.0034365020899357972,regime_mean,factor_apt_regime,88,False,False,False,False,
pls_ret_macro7_H24_k3__rolling240m_annual__baseline_mean,pls_ret_macro7_H24_k3,pls,3,3,24.0,3.0,returns|macro7,,,,ported_legacy_v2,pls_ret_macro7_H24_k3,rolling240m_annual,rolling,240,12,1,0.0034357721717232564,-0.00020396439418823853,-0.04575009272194365,-0.07045030654719539,0.9739205273452648,0.9692460407811945,0.8418148562955361,0.8309098754883871,234.0,192.0,240.0,0.6298035921961144,0.8783941432813704,1,trailing_holdout,240,False,False,False,False,True,0.09999999999999998,0.38,0.94,0.88,0.002920406345964768,-0.006862513908291548,0.0,-0.003942107562326779,baseline_mean,factor_apt,89,False,False,False,False,
pls_ret_macro7_H24_k3__rolling240m_annual__regime_mean,pls_ret_macro7_H24_k3,pls,3,3,24.0,3.0,returns|macro7,,,,ported_legacy_v2,pls_ret_macro7_H24_k3,rolling240m_annual,rolling,240,12,1,0.0034357721717232564,-0.00020396439418823853,-0.04575009272194365,-0.07045030654719539,0.9739205273452648,0.9692460407811945,0.8418148562955361,0.8309098754883871,234.0,192.0,240.0,0.6298035921961144,0.8783941432813704,1,trailing_holdout,240,False,False,False,False,True,0.09999999999999998,0.38,0.94,0.88,0.002920406345964768,-0.006862513908291548,0.0,-0.003942107562326779,regime_mean,factor_apt_regime,90,False,False,False,False,
pls_ret_macro7_H6_k2__rolling240m_annual__baseline_mean,pls_ret_macro7_H6_k2,pls,2,2,6.0,2.0,returns|macro7,,,,ported_legacy_v2,pls_ret_macro7_H6_k2,rolling240m_annual,rolling,240,12,1,0.02137668514570095,0.018032385607519297,-0.15040438804334713,-0.21649753640498412,0.7720267277156738,0.7720267277156738,0.6972525131202043,0.6654190494621437,234.0,192.0,240.0,0.5232283218376172,0.7987951859113821,1,trailing_holdout,240,False,False,False,False,True,0.48,0.0,0.56,0.6599999999999999,0.01817018237384581,-0.02256065820650207,0.0,-0.004390475832656261,baseline_mean,factor_apt,91,False,False,False,False,
pls_ret_macro7_H6_k2__rolling240m_annual__regime_mean,pls_ret_macro7_H6_k2,pls,2,2,6.0,2.0,returns|macro7,,,,ported_legacy_v2,pls_ret_macro7_H6_k2,rolling240m_annual,rolling,240,12,1,0.02137668514570095,0.018032385607519297,-0.15040438804334713,-0.21649753640498412,0.7720267277156738,0.7720267277156738,0.6972525131202043,0.6654190494621437,234.0,192.0,240.0,0.5232283218376172,0.7987951859113821,1,trailing_holdout,240,False,False,False,False,True,0.48,0.0,0.56,0.6599999999999999,0.01817018237384581,-0.02256065820650207,0.0,-0.004390475832656261,regime_mean,factor_apt_regime,92,False,False,False,False,
pls_ret_ff5_curve_macro7_H24_k2__rolling240m_annual__baseline_mean,pls_ret_ff5_curve_macro7_H24_k2,pls,2,2,24.0,2.0,returns|ff5|curve_core|macro7,,,,ported_legacy_v2,,rolling240m_annual,rolling,240,12,1,0.00042434086566538957,-0.0007591603154453175,-0.04824187645730212,-0.06251970565358606,0.9319016027512842,0.9319016027512842,0.8215955123449277,0.7805826731644858,234.0,192.0,240.0,0.5612796088260217,0.8756318325458041,1,trailing_holdout,240,False,False,False,False,True,0.07999999999999996,0.31999999999999995,0.8200000000000001,0.86,0.00036068973581558113,-0.007236281468595318,0.0,-0.0068755917327797365,baseline_mean,factor_apt,93,False,False,False,False,
pls_ret_ff5_curve_macro7_H24_k2__rolling240m_annual__regime_mean,pls_ret_ff5_curve_macro7_H24_k2,pls,2,2,24.0,2.0,returns|ff5|curve_core|macro7,,,,ported_legacy_v2,,rolling240m_annual,rolling,240,12,1,0.00042434086566538957,-0.0007591603154453175,-0.04824187645730212,-0.06251970565358606,0.9319016027512842,0.9319016027512842,0.8215955123449277,0.7805826731644858,234.0,192.0,240.0,0.5612796088260217,0.8756318325458041,1,trailing_holdout,240,False,False,False,False,True,0.07999999999999996,0.31999999999999995,0.8200000000000001,0.86,0.00036068973581558113,-0.007236281468595318,0.0,-0.0068755917327797365,regime_mean,factor_apt_regime,94,False,False,False,False,
pls_ret_ff5_macro7_H24_k2__rolling240m_annual__baseline_mean,pls_ret_ff5_macro7_H24_k2,pls,2,2,24.0,2.0,returns|ff5|macro7,,,,ported_legacy_v2,pls_ret_ff5_macro7_H24_k2,rolling240m_annual,rolling,240,12,1,0.0001149373120938139,-0.0020544786790037683,-0.04700197710671351,-0.06447579980853974,0.9356400744779401,0.9356400744779401,0.8192064424856789,0.7734093105353482,234.0,192.0,240.0,0.6239815232501439,0.8914095169845141,1,trailing_holdout,240,False,False,False,False,True,0.06000000000000005,0.33999999999999997,0.84,0.84,9.769671527974182e-05,-0.007050296566007027,0.0,-0.006952599850727285,baseline_mean,factor_apt,95,False,False,False,False,
pls_ret_ff5_macro7_H24_k2__rolling240m_annual__regime_mean,pls_ret_ff5_macro7_H24_k2,pls,2,2,24.0,2.0,returns|ff5|macro7,,,,ported_legacy_v2,pls_ret_ff5_macro7_H24_k2,rolling240m_annual,rolling,240,12,1,0.0001149373120938139,-0.0020544786790037683,-0.04700197710671351,-0.06447579980853974,0.9356400744779401,0.9356400744779401,0.8192064424856789,0.7734093105353482,234.0,192.0,240.0,0.6239815232501439,0.8914095169845141,1,trailing_holdout,240,False,False,False,False,True,0.06000000000000005,0.33999999999999997,0.84,0.84,9.769671527974182e-05,-0.007050296566007027,0.0,-0.006952599850727285,regime_mean,factor_apt_regime,96,False,False,False,False,
ff5__rolling240m_annual__baseline_mean,ff5,provided,5,5,,,,ff5,,,ported_legacy_v2,ff5_only,rolling240m_annual,rolling,240,12,1,-0.001417586156958565,-0.015604980848128447,-0.051876264533973586,-0.12364307601992536,0.020452582435410725,0.004800840306979581,-0.021520601411283934,-0.04220083973906748,234.0,192.0,240.0,0.3086044117721185,0.9711126639071829,1,trailing_holdout,240,True,False,False,True,False,0.020000000000000018,0.26,0.12,0.18000000000000005,-0.0012049482334147803,-0.007781439680096038,0.0,-0.008986387913510818,baseline_mean,factor_apt,97,False,False,False,False,
ff5__rolling240m_annual__regime_mean,ff5,provided,5,5,,,,ff5,,,ported_legacy_v2,ff5_only,rolling240m_annual,rolling,240,12,1,-0.001417586156958565,-0.015604980848128447,-0.051876264533973586,-0.12364307601992536,0.020452582435410725,0.004800840306979581,-0.021520601411283934,-0.04220083973906748,234.0,192.0,240.0,0.3086044117721185,0.9711126639071829,1,trailing_holdout,240,True,False,False,True,False,0.020000000000000018,0.26,0.12,0.18000000000000005,-0.0012049482334147803,-0.007781439680096038,0.0,-0.008986387913510818,regime_mean,factor_apt_regime,98,False,False,False,False,
pls_ret_macro7_H24_k2__rolling240m_annual__baseline_mean,pls_ret_macro7_H24_k2,pls,2,2,24.0,2.0,returns|macro7,,,,ported_legacy_v2,pls_ret_macro7_H24_k2,rolling240m_annual,rolling,240,12,1,-0.003634964655516431,-0.0010029378289913016,-0.0408237146038353,-0.05727313305464922,0.9815845411061168,0.9815845411061168,0.9033663541415671,0.8925087236818886,234.0,192.0,240.0,0.566202518171641,0.870374843253926,1,trailing_holdout,240,True,False,False,False,False,0.0,0.45999999999999996,0.96,0.96,-0.0030897199571889664,-0.006123557190575294,0.0,-0.009213277147764262,baseline_mean,factor_apt,99,False,False,False,False,
pls_ret_macro7_H24_k2__rolling240m_annual__regime_mean,pls_ret_macro7_H24_k2,pls,2,2,24.0,2.0,returns|macro7,,,,ported_legacy_v2,pls_ret_macro7_H24_k2,rolling240m_annual,rolling,240,12,1,-0.003634964655516431,-0.0010029378289913016,-0.0408237146038353,-0.05727313305464922,0.9815845411061168,0.9815845411061168,0.9033663541415671,0.8925087236818886,234.0,192.0,240.0,0.566202518171641,0.870374843253926,1,trailing_holdout,240,True,False,False,False,False,0.0,0.45999999999999996,0.96,0.96,-0.0030897199571889664,-0.006123557190575294,0.0,-0.009213277147764262,regime_mean,factor_apt_regime,100,False,False,False,False,
pls_ret_ff5_curve_macro7_H12_k2__rolling240m_annual__baseline_mean,pls_ret_ff5_curve_macro7_H12_k2,pls,2,2,12.0,2.0,returns|ff5|curve_core|macro7,,,,ported_legacy_v2,,rolling240m_annual,rolling,240,12,1,-0.0002507103758468101,3.528232626670569e-05,-0.07160816386008466,-0.11744578675333996,0.9199212281109037,0.9199212281109037,0.7733846154123903,0.6870752466985715,234.0,192.0,240.0,0.5311920202059137,0.7727567258133207,1,trailing_holdout,240,True,False,False,False,False,0.040000000000000036,0.24,0.8,0.76,-0.0002131038194697886,-0.010741224579012698,0.0,-0.010954328398482486,baseline_mean,factor_apt,101,False,False,False,False,
pls_ret_ff5_curve_macro7_H12_k2__rolling240m_annual__regime_mean,pls_ret_ff5_curve_macro7_H12_k2,pls,2,2,12.0,2.0,returns|ff5|curve_core|macro7,,,,ported_legacy_v2,,rolling240m_annual,rolling,240,12,1,-0.0002507103758468101,3.528232626670569e-05,-0.07160816386008466,-0.11744578675333996,0.9199212281109037,0.9199212281109037,0.7733846154123903,0.6870752466985715,234.0,192.0,240.0,0.5311920202059137,0.7727567258133207,1,trailing_holdout,240,True,False,False,False,False,0.040000000000000036,0.24,0.8,0.76,-0.0002131038194697886,-0.010741224579012698,0.0,-0.010954328398482486,regime_mean,factor_apt_regime,102,False,False,False,False,
