selection_unit_id,spec,selection_protocol_name,train_window_mode,rolling_train_months,refit_every,rebalance_every,model_id,stage2_model_label,covariance_model_label,covariance_model_kind,mean_model_kind,cross_policy_label,selection_eval_mode,optimizer_backend,block,selection_split_mode,train_start_date,train_end_date,val_start_date,val_end_date,train_obs,validation_months,validation_ce_est,validation_ce_predictive_static,validation_ce_myopic,validation_ce_zero,validation_ce_delta_predictive_static,validation_ce_delta_myopic,validation_ce_delta_zero,validation_sharpe_est,validation_turnover_est,validation_max_drawdown_est,validation_score,validation_cross_mode,validation_ce_equal_weight,validation_ce_delta_equal_weight,validation_ce_min_variance,validation_ce_delta_min_variance,validation_ce_risk_parity,validation_ce_delta_risk_parity,assigned_device,error
pls_H24_k2__rolling240m_annual__regime_mean,pls_H24_k2,rolling240m_annual,rolling,240,12,1,pls_H24_k2__rolling240m_annual__regime_mean__const,const,const,constant,factor_apt_regime,estimated,pure_qp,pipinn,valholdout240_198001_199912,trailing_holdout,1964-01-31,1979-12-31,1980-01-31,1999-12-31,192,240.0,0.0872844205789356,0.071032513369747,0.071032513369747,0.0856834201040293,0.016251907209188593,0.016251907209188593,0.0016010004749063,1.117594109761315,0.5896644467883896,-0.1312004249871405,0.0888854210538419,estimated,0.0429754365861768,0.044308983992758795,0.005039295321805,0.0822451252571306,0.0378165494478775,0.0494678711310581,cuda:1,
pls_H24_k2__rolling240m_annual__regime_mean,pls_H24_k2,rolling240m_annual,rolling,240,12,1,pls_H24_k2__rolling240m_annual__regime_mean__const__zero_cross,const__zero_cross,const,constant,factor_apt_regime,zero,pure_qp,pipinn,valholdout240_198001_199912,trailing_holdout,1964-01-31,1979-12-31,1980-01-31,1999-12-31,192,240.0,0.0856834201040293,0.071032513369747,0.071032513369747,0.0856834201040293,0.014650906734282293,0.014650906734282293,0.0,1.086135753691775,0.6146561636654133,-0.1467097725234425,0.0856834201040293,zero,0.0429754365861768,0.042707983517852495,0.005039295321805,0.0806441247822243,0.0378165494478775,0.0478668706561518,cuda:1,
pls_H24_k2__rolling240m_annual__regime_mean,pls_H24_k2,rolling240m_annual,rolling,240,12,1,pls_H24_k2__rolling240m_annual__regime_mean__dcc,dcc,dcc,asset_dcc,factor_apt_regime,estimated,pure_qp,pipinn,valholdout240_198001_199912,trailing_holdout,1964-01-31,1979-12-31,1980-01-31,1999-12-31,192,240.0,0.089378210649103,0.0712240418764539,0.0712240418764539,0.0903063904956805,0.018154168772649096,0.018154168772649096,-0.0009281798465775037,1.1341017481963724,0.5623390460458153,-0.1507591170684622,0.08845003080252549,estimated,0.0429754365861768,0.04640277406292619,0.005039295321805,0.084338915327298,0.0378165494478775,0.051561661201225496,cuda:1,
pls_H24_k2__rolling240m_annual__regime_mean,pls_H24_k2,rolling240m_annual,rolling,240,12,1,pls_H24_k2__rolling240m_annual__regime_mean__dcc__zero_cross,dcc__zero_cross,dcc,asset_dcc,factor_apt_regime,zero,pure_qp,pipinn,valholdout240_198001_199912,trailing_holdout,1964-01-31,1979-12-31,1980-01-31,1999-12-31,192,240.0,0.0903063904956805,0.0712240418764539,0.0712240418764539,0.0903063904956805,0.0190823486192266,0.0190823486192266,0.0,1.1299574815398934,0.5968388122111951,-0.1600858738031807,0.0903063904956805,zero,0.0429754365861768,0.0473309539095037,0.005039295321805,0.0852670951738755,0.0378165494478775,0.052489841047803,cuda:1,
pls_H24_k2__rolling240m_annual__regime_mean,pls_H24_k2,rolling240m_annual,rolling,240,12,1,pls_H24_k2__rolling240m_annual__regime_mean__adcc,adcc,adcc,asset_adcc,factor_apt_regime,estimated,pure_qp,pipinn,valholdout240_198001_199912,trailing_holdout,1964-01-31,1979-12-31,1980-01-31,1999-12-31,192,240.0,0.0892428533342452,0.0712141778636604,0.0712141778636604,0.0902371232577732,0.0180286754705848,0.0180286754705848,-0.0009942699235279961,1.1327155272455764,0.5629956913720942,-0.1506946569306722,0.0882485834107172,estimated,0.0429754365861768,0.0462674167480684,0.005039295321805,0.0842035580124402,0.0378165494478775,0.0514263038863677,cuda:1,
pls_H24_k2__rolling240m_annual__regime_mean,pls_H24_k2,rolling240m_annual,rolling,240,12,1,pls_H24_k2__rolling240m_annual__regime_mean__adcc__zero_cross,adcc__zero_cross,adcc,asset_adcc,factor_apt_regime,zero,pure_qp,pipinn,valholdout240_198001_199912,trailing_holdout,1964-01-31,1979-12-31,1980-01-31,1999-12-31,192,240.0,0.0902371232577732,0.0712141778636604,0.0712141778636604,0.0902371232577732,0.019022945394112797,0.019022945394112797,0.0,1.129175229665613,0.5970542706524005,-0.1601803320607696,0.0902371232577732,zero,0.0429754365861768,0.047261686671596394,0.005039295321805,0.0851978279359682,0.0378165494478775,0.0524205738098957,cuda:1,
pls_H24_k2__rolling240m_annual__regime_mean,pls_H24_k2,rolling240m_annual,rolling,240,12,1,pls_H24_k2__rolling240m_annual__regime_mean__regime_dcc,regime_dcc,regime_dcc,asset_regime_dcc,factor_apt_regime,estimated,pure_qp,pipinn,valholdout240_198001_199912,trailing_holdout,1964-01-31,1979-12-31,1980-01-31,1999-12-31,192,240.0,0.088185559544146,0.0650059271548831,0.0650059271548831,0.0892537682064257,0.023179632389262905,0.023179632389262905,-0.0010682086622796905,1.1255148523808258,0.5784163507599883,-0.1505655176079566,0.08711735088186631,estimated,0.0429754365861768,0.0452101229579692,0.005039295321805,0.083146264222341,0.0378165494478775,0.050369010096268506,cuda:1,
pls_H24_k2__rolling240m_annual__regime_mean,pls_H24_k2,rolling240m_annual,rolling,240,12,1,pls_H24_k2__rolling240m_annual__regime_mean__regime_dcc__zero_cross,regime_dcc__zero_cross,regime_dcc,asset_regime_dcc,factor_apt_regime,zero,pure_qp,pipinn,valholdout240_198001_199912,trailing_holdout,1964-01-31,1979-12-31,1980-01-31,1999-12-31,192,240.0,0.0892537682064257,0.0650059271548831,0.0650059271548831,0.0892537682064257,0.024247841051542596,0.024247841051542596,0.0,1.1241068417844848,0.6034990198296504,-0.159326775498597,0.0892537682064257,zero,0.0429754365861768,0.04627833162024889,0.005039295321805,0.0842144728846207,0.0378165494478775,0.051437218758548196,cuda:1,
pls_H24_k2__rolling240m_annual__regime_mean,pls_H24_k2,rolling240m_annual,rolling,240,12,1,pls_H24_k2__rolling240m_annual__regime_mean__regime_dcc__gated_cross,regime_dcc__gated_cross,regime_dcc,asset_regime_dcc,factor_apt_regime,regime_gated,pure_qp,pipinn,valholdout240_198001_199912,trailing_holdout,1964-01-31,1979-12-31,1980-01-31,1999-12-31,192,240.0,0.088828676292248,0.0650059271548831,0.0650059271548831,0.0892537682064257,0.0238227491373649,0.0238227491373649,-0.0004250919141776943,1.1308137784384669,0.5795641912993,-0.1505753855786973,0.0884035843780703,regime_gated,0.0429754365861768,0.0458532397060712,0.005039295321805,0.083789380970443,0.0378165494478775,0.0510121268443705,cuda:1,
pls_H12_k2__rolling240m_annual__regime_mean,pls_H12_k2,rolling240m_annual,rolling,240,12,1,pls_H12_k2__rolling240m_annual__regime_mean__const,const,const,constant,factor_apt_regime,estimated,pure_qp,pipinn,valholdout240_198001_199912,trailing_holdout,1964-01-31,1979-12-31,1980-01-31,1999-12-31,192,240.0,0.0858799870540752,0.0722639375060856,0.0722639375060856,0.0847972987823651,0.01361604954798959,0.01361604954798959,0.0010826882717100972,1.1106276886988264,0.5809621995059556,-0.1197602066093236,0.08696267532578529,estimated,0.0429754365861768,0.04290455046789839,0.005039295321805,0.0808406917322702,0.0378165494478775,0.0480634376061977,cuda:1,
pls_H12_k2__rolling240m_annual__regime_mean,pls_H12_k2,rolling240m_annual,rolling,240,12,1,pls_H12_k2__rolling240m_annual__regime_mean__const__zero_cross,const__zero_cross,const,constant,factor_apt_regime,zero,pure_qp,pipinn,valholdout240_198001_199912,trailing_holdout,1964-01-31,1979-12-31,1980-01-31,1999-12-31,192,240.0,0.0847972987823651,0.0722639375060856,0.0722639375060856,0.0847972987823651,0.012533361276279492,0.012533361276279492,0.0,1.0784784957269726,0.6276866359109128,-0.147407999267243,0.0847972987823651,zero,0.0429754365861768,0.041821862196188296,0.005039295321805,0.0797580034605601,0.0378165494478775,0.0469807493344876,cuda:1,
pls_H12_k2__rolling240m_annual__regime_mean,pls_H12_k2,rolling240m_annual,rolling,240,12,1,pls_H12_k2__rolling240m_annual__regime_mean__dcc,dcc,dcc,asset_dcc,factor_apt_regime,estimated,pure_qp,pipinn,valholdout240_198001_199912,trailing_holdout,1964-01-31,1979-12-31,1980-01-31,1999-12-31,192,240.0,0.089257560051022,0.0720215229758336,0.0720215229758336,0.0902132294767025,0.017236037075188407,0.017236037075188407,-0.0009556694256804971,1.1352988305677676,0.5618865457722461,-0.1455306310936445,0.08830189062534151,estimated,0.0429754365861768,0.046282123464845205,0.005039295321805,0.08421826472921701,0.0378165494478775,0.05144101060314451,cuda:1,
pls_H12_k2__rolling240m_annual__regime_mean,pls_H12_k2,rolling240m_annual,rolling,240,12,1,pls_H12_k2__rolling240m_annual__regime_mean__dcc__zero_cross,dcc__zero_cross,dcc,asset_dcc,factor_apt_regime,zero,pure_qp,pipinn,valholdout240_198001_199912,trailing_holdout,1964-01-31,1979-12-31,1980-01-31,1999-12-31,192,240.0,0.0902132294767025,0.0720215229758336,0.0720215229758336,0.0902132294767025,0.018191706500868904,0.018191706500868904,0.0,1.1285680327947316,0.6089620110215913,-0.1606559232449435,0.0902132294767025,zero,0.0429754365861768,0.0472377928905257,0.005039295321805,0.0851739341548975,0.0378165494478775,0.052396680028825006,cuda:1,
pls_H12_k2__rolling240m_annual__regime_mean,pls_H12_k2,rolling240m_annual,rolling,240,12,1,pls_H12_k2__rolling240m_annual__regime_mean__adcc,adcc,adcc,asset_adcc,factor_apt_regime,estimated,pure_qp,pipinn,valholdout240_198001_199912,trailing_holdout,1964-01-31,1979-12-31,1980-01-31,1999-12-31,192,240.0,0.0892147940360128,0.0720073990667395,0.0720073990667395,0.09015102589877,0.0172073949692733,0.0172073949692733,-0.0009362318627571947,1.1345148458303789,0.5621050766057043,-0.145047444315215,0.08827856217325561,estimated,0.0429754365861768,0.046239357449836004,0.005039295321805,0.0841754987142078,0.0378165494478775,0.05139824458813531,cuda:1,
pls_H12_k2__rolling240m_annual__regime_mean,pls_H12_k2,rolling240m_annual,rolling,240,12,1,pls_H12_k2__rolling240m_annual__regime_mean__adcc__zero_cross,adcc__zero_cross,adcc,asset_adcc,factor_apt_regime,zero,pure_qp,pipinn,valholdout240_198001_199912,trailing_holdout,1964-01-31,1979-12-31,1980-01-31,1999-12-31,192,240.0,0.09015102589877,0.0720073990667395,0.0720073990667395,0.09015102589877,0.018143626832030496,0.018143626832030496,0.0,1.1278564068636807,0.6091749223270995,-0.1607274832501944,0.09015102589877,zero,0.0429754365861768,0.0471755893125932,0.005039295321805,0.085111730576965,0.0378165494478775,0.0523344764508925,cuda:1,
pls_H12_k2__rolling240m_annual__regime_mean,pls_H12_k2,rolling240m_annual,rolling,240,12,1,pls_H12_k2__rolling240m_annual__regime_mean__regime_dcc,regime_dcc,regime_dcc,asset_regime_dcc,factor_apt_regime,estimated,pure_qp,pipinn,valholdout240_198001_199912,trailing_holdout,1964-01-31,1979-12-31,1980-01-31,1999-12-31,192,240.0,0.0877499439746938,0.0654035426708978,0.0654035426708978,0.0893009157338327,0.02234640130379599,0.02234640130379599,-0.0015509717591389027,1.120455505391993,0.5738767034645771,-0.1463384715907957,0.08619897221555489,estimated,0.0429754365861768,0.044774507388516994,0.005039295321805,0.0827106486528888,0.0378165494478775,0.0499333945268163,cuda:1,
pls_H12_k2__rolling240m_annual__regime_mean,pls_H12_k2,rolling240m_annual,rolling,240,12,1,pls_H12_k2__rolling240m_annual__regime_mean__regime_dcc__zero_cross,regime_dcc__zero_cross,regime_dcc,asset_regime_dcc,factor_apt_regime,zero,pure_qp,pipinn,valholdout240_198001_199912,trailing_holdout,1964-01-31,1979-12-31,1980-01-31,1999-12-31,192,240.0,0.0893009157338327,0.0654035426708978,0.0654035426708978,0.0893009157338327,0.023897373062934893,0.023897373062934893,0.0,1.1222862168895047,0.6200251044412798,-0.1603399208898337,0.0893009157338327,zero,0.0429754365861768,0.0463254791476559,0.005039295321805,0.0842616204120277,0.0378165494478775,0.0514843662859552,cuda:1,
pls_H12_k2__rolling240m_annual__regime_mean,pls_H12_k2,rolling240m_annual,rolling,240,12,1,pls_H12_k2__rolling240m_annual__regime_mean__regime_dcc__gated_cross,regime_dcc__gated_cross,regime_dcc,asset_regime_dcc,factor_apt_regime,regime_gated,pure_qp,pipinn,valholdout240_198001_199912,trailing_holdout,1964-01-31,1979-12-31,1980-01-31,1999-12-31,192,240.0,0.0884824935931128,0.0654035426708978,0.0654035426708978,0.0893009157338327,0.023078950922215,0.023078950922215,-0.0008184221407198933,1.126190914901362,0.5769118435899862,-0.1463464875443498,0.08766407145239291,regime_gated,0.0429754365861768,0.045507057006936004,0.005039295321805,0.0834431982713078,0.0378165494478775,0.05066594414523531,cuda:1,
pls_H1_k2__rolling240m_annual__regime_mean,pls_H1_k2,rolling240m_annual,rolling,240,12,1,pls_H1_k2__rolling240m_annual__regime_mean__const,const,const,constant,factor_apt_regime,estimated,pure_qp,pipinn,valholdout240_198001_199912,trailing_holdout,1964-01-31,1979-12-31,1980-01-31,1999-12-31,192,240.0,0.0860681852576046,0.0696167556343284,0.0696167556343284,0.0842804401271573,0.016451429623276198,0.016451429623276198,0.001787745130447299,1.1048304264868951,0.595801107651404,-0.1405626019426025,0.0878559303880519,estimated,0.0429754365861768,0.043092748671427795,0.005039295321805,0.0810288899357996,0.0378165494478775,0.0482516358097271,cuda:1,
pls_H1_k2__rolling240m_annual__regime_mean,pls_H1_k2,rolling240m_annual,rolling,240,12,1,pls_H1_k2__rolling240m_annual__regime_mean__const__zero_cross,const__zero_cross,const,constant,factor_apt_regime,zero,pure_qp,pipinn,valholdout240_198001_199912,trailing_holdout,1964-01-31,1979-12-31,1980-01-31,1999-12-31,192,240.0,0.0842804401271573,0.0696167556343284,0.0696167556343284,0.0842804401271573,0.014663684492828899,0.014663684492828899,0.0,1.066902207285443,0.6245492651274068,-0.1590513384974801,0.0842804401271573,zero,0.0429754365861768,0.041305003540980496,0.005039295321805,0.0792411448053523,0.0378165494478775,0.0464638906792798,cuda:1,
pls_H1_k2__rolling240m_annual__regime_mean,pls_H1_k2,rolling240m_annual,rolling,240,12,1,pls_H1_k2__rolling240m_annual__regime_mean__dcc,dcc,dcc,asset_dcc,factor_apt_regime,estimated,pure_qp,pipinn,valholdout240_198001_199912,trailing_holdout,1964-01-31,1979-12-31,1980-01-31,1999-12-31,192,240.0,0.089611232767309,0.0692259649237642,0.0692259649237642,0.0889053679307594,0.020385267843544788,0.020385267843544788,0.000705864836549594,1.1360385546035598,0.5791377552223896,-0.1597795279429839,0.09031709760385859,estimated,0.0429754365861768,0.04663579618113219,0.005039295321805,0.084571937445504,0.0378165494478775,0.051794683319431496,cuda:1,
pls_H1_k2__rolling240m_annual__regime_mean,pls_H1_k2,rolling240m_annual,rolling,240,12,1,pls_H1_k2__rolling240m_annual__regime_mean__dcc__zero_cross,dcc__zero_cross,dcc,asset_dcc,factor_apt_regime,zero,pure_qp,pipinn,valholdout240_198001_199912,trailing_holdout,1964-01-31,1979-12-31,1980-01-31,1999-12-31,192,240.0,0.0889053679307594,0.0692259649237642,0.0692259649237642,0.0889053679307594,0.019679403006995194,0.019679403006995194,0.0,1.1097727605184022,0.612029497684785,-0.1746078885961527,0.0889053679307594,zero,0.0429754365861768,0.0459299313445826,0.005039295321805,0.0838660726089544,0.0378165494478775,0.0510888184828819,cuda:1,
pls_H1_k2__rolling240m_annual__regime_mean,pls_H1_k2,rolling240m_annual,rolling,240,12,1,pls_H1_k2__rolling240m_annual__regime_mean__adcc,adcc,adcc,asset_adcc,factor_apt_regime,estimated,pure_qp,pipinn,valholdout240_198001_199912,trailing_holdout,1964-01-31,1979-12-31,1980-01-31,1999-12-31,192,240.0,0.0894041152209834,0.0692109090907599,0.0692109090907599,0.0888405479189053,0.020193206130223504,0.020193206130223504,0.0005635673020780996,1.1335709227503672,0.5798998589494739,-0.1597366157068424,0.0899676825230615,estimated,0.0429754365861768,0.046428678634806604,0.005039295321805,0.0843648198991784,0.0378165494478775,0.05158756577310591,cuda:1,
pls_H1_k2__rolling240m_annual__regime_mean,pls_H1_k2,rolling240m_annual,rolling,240,12,1,pls_H1_k2__rolling240m_annual__regime_mean__adcc__zero_cross,adcc__zero_cross,adcc,asset_adcc,factor_apt_regime,zero,pure_qp,pipinn,valholdout240_198001_199912,trailing_holdout,1964-01-31,1979-12-31,1980-01-31,1999-12-31,192,240.0,0.0888405479189053,0.0692109090907599,0.0692109090907599,0.0888405479189053,0.019629638828145404,0.019629638828145404,0.0,1.1090031992298248,0.6129596911401095,-0.1746518709621107,0.0888405479189053,zero,0.0429754365861768,0.045865111332728505,0.005039295321805,0.0838012525971003,0.0378165494478775,0.05102399847102781,cuda:1,
pls_H1_k2__rolling240m_annual__regime_mean,pls_H1_k2,rolling240m_annual,rolling,240,12,1,pls_H1_k2__rolling240m_annual__regime_mean__regime_dcc,regime_dcc,regime_dcc,asset_regime_dcc,factor_apt_regime,estimated,pure_qp,pipinn,valholdout240_198001_199912,trailing_holdout,1964-01-31,1979-12-31,1980-01-31,1999-12-31,192,240.0,0.0884745907442721,0.0616838096914077,0.0616838096914077,0.0878398889488989,0.026790781052864393,0.026790781052864393,0.0006347017953731993,1.1229311811214835,0.5888495568553459,-0.1607927803665395,0.0891092925396453,estimated,0.0429754365861768,0.045499154158095294,0.005039295321805,0.0834352954224671,0.0378165494478775,0.0506580412963946,cuda:1,
pls_H1_k2__rolling240m_annual__regime_mean,pls_H1_k2,rolling240m_annual,rolling,240,12,1,pls_H1_k2__rolling240m_annual__regime_mean__regime_dcc__zero_cross,regime_dcc__zero_cross,regime_dcc,asset_regime_dcc,factor_apt_regime,zero,pure_qp,pipinn,valholdout240_198001_199912,trailing_holdout,1964-01-31,1979-12-31,1980-01-31,1999-12-31,192,240.0,0.0878398889488989,0.0616838096914077,0.0616838096914077,0.0878398889488989,0.026156079257491194,0.026156079257491194,0.0,1.100735961270462,0.6215309255466794,-0.1744969230327637,0.0878398889488989,zero,0.0429754365861768,0.044864452362722095,0.005039295321805,0.0828005936270939,0.0378165494478775,0.0500233395010214,cuda:1,
pls_H1_k2__rolling240m_annual__regime_mean,pls_H1_k2,rolling240m_annual,rolling,240,12,1,pls_H1_k2__rolling240m_annual__regime_mean__regime_dcc__gated_cross,regime_dcc__gated_cross,regime_dcc,asset_regime_dcc,factor_apt_regime,regime_gated,pure_qp,pipinn,valholdout240_198001_199912,trailing_holdout,1964-01-31,1979-12-31,1980-01-31,1999-12-31,192,240.0,0.0890027493839866,0.0616838096914077,0.0616838096914077,0.0878398889488989,0.027318939692578897,0.027318939692578897,0.0011628604350877036,1.1272983701283703,0.5894037286467777,-0.1608058412615369,0.0901656098190743,regime_gated,0.0429754365861768,0.0460273127978098,0.005039295321805,0.0839634540621816,0.0378165494478775,0.0511861999361091,cuda:1,
pls_H2_k2__rolling240m_annual__regime_mean,pls_H2_k2,rolling240m_annual,rolling,240,12,1,pls_H2_k2__rolling240m_annual__regime_mean__const,const,const,constant,factor_apt_regime,estimated,pure_qp,pipinn,valholdout240_198001_199912,trailing_holdout,1964-01-31,1979-12-31,1980-01-31,1999-12-31,192,240.0,0.0863890453474009,0.0708835773131046,0.0708835773131046,0.0850749002153401,0.015505468034296296,0.015505468034296296,0.0013141451320607955,1.1091796112446994,0.5887170249023437,-0.1373696437493524,0.08770319047946169,estimated,0.0429754365861768,0.0434136087612241,0.005039295321805,0.0813497500255959,0.0378165494478775,0.0485724958995234,cuda:1,
pls_H2_k2__rolling240m_annual__regime_mean,pls_H2_k2,rolling240m_annual,rolling,240,12,1,pls_H2_k2__rolling240m_annual__regime_mean__const__zero_cross,const__zero_cross,const,constant,factor_apt_regime,zero,pure_qp,pipinn,valholdout240_198001_199912,trailing_holdout,1964-01-31,1979-12-31,1980-01-31,1999-12-31,192,240.0,0.0850749002153401,0.0708835773131046,0.0708835773131046,0.0850749002153401,0.0141913229022355,0.0141913229022355,0.0,1.0769776758050251,0.6233785295747397,-0.1576265770030349,0.0850749002153401,zero,0.0429754365861768,0.0420994636291633,0.005039295321805,0.0800356048935351,0.0378165494478775,0.047258350767462605,cuda:1,
pls_H2_k2__rolling240m_annual__regime_mean,pls_H2_k2,rolling240m_annual,rolling,240,12,1,pls_H2_k2__rolling240m_annual__regime_mean__dcc,dcc,dcc,asset_dcc,factor_apt_regime,estimated,pure_qp,pipinn,valholdout240_198001_199912,trailing_holdout,1964-01-31,1979-12-31,1980-01-31,1999-12-31,192,240.0,0.0902261495955256,0.0704928201560207,0.0704928201560207,0.0905689574728103,0.019733329439504912,0.019733329439504912,-0.00034280787728468987,1.141942516029605,0.5736626390519218,-0.1569573955245716,0.08988334171824092,estimated,0.0429754365861768,0.047250713009348806,0.005039295321805,0.08518685427372061,0.0378165494478775,0.05240960014764811,cuda:1,
pls_H2_k2__rolling240m_annual__regime_mean,pls_H2_k2,rolling240m_annual,rolling,240,12,1,pls_H2_k2__rolling240m_annual__regime_mean__dcc__zero_cross,dcc__zero_cross,dcc,asset_dcc,factor_apt_regime,zero,pure_qp,pipinn,valholdout240_198001_199912,trailing_holdout,1964-01-31,1979-12-31,1980-01-31,1999-12-31,192,240.0,0.0905689574728103,0.0704928201560207,0.0704928201560207,0.0905689574728103,0.020076137316789602,0.020076137316789602,0.0,1.1288943900748885,0.605109278623184,-0.1732899082738658,0.0905689574728103,zero,0.0429754365861768,0.047593520886633496,0.005039295321805,0.0855296621510053,0.0378165494478775,0.0527524080249328,cuda:1,
pls_H2_k2__rolling240m_annual__regime_mean,pls_H2_k2,rolling240m_annual,rolling,240,12,1,pls_H2_k2__rolling240m_annual__regime_mean__adcc,adcc,adcc,asset_adcc,factor_apt_regime,estimated,pure_qp,pipinn,valholdout240_198001_199912,trailing_holdout,1964-01-31,1979-12-31,1980-01-31,1999-12-31,192,240.0,0.0900606825724212,0.0704761413899585,0.0704761413899585,0.0905183179037933,0.019584541182462695,0.019584541182462695,-0.0004576353313721082,1.1398707448093983,0.5744898634040827,-0.1573791538553031,0.08960304724104909,estimated,0.0429754365861768,0.047085245986244396,0.005039295321805,0.0850213872506162,0.0378165494478775,0.0522441331245437,cuda:1,
pls_H2_k2__rolling240m_annual__regime_mean,pls_H2_k2,rolling240m_annual,rolling,240,12,1,pls_H2_k2__rolling240m_annual__regime_mean__adcc__zero_cross,adcc__zero_cross,adcc,asset_adcc,factor_apt_regime,zero,pure_qp,pipinn,valholdout240_198001_199912,trailing_holdout,1964-01-31,1979-12-31,1980-01-31,1999-12-31,192,240.0,0.0905183179037933,0.0704761413899585,0.0704761413899585,0.0905183179037933,0.020042176513834803,0.020042176513834803,0.0,1.1282589822476834,0.6056302578619008,-0.1733230003658984,0.0905183179037933,zero,0.0429754365861768,0.047542881317616505,0.005039295321805,0.0854790225819883,0.0378165494478775,0.05270176845591581,cuda:1,
pls_H2_k2__rolling240m_annual__regime_mean,pls_H2_k2,rolling240m_annual,rolling,240,12,1,pls_H2_k2__rolling240m_annual__regime_mean__regime_dcc,regime_dcc,regime_dcc,asset_regime_dcc,factor_apt_regime,estimated,pure_qp,pipinn,valholdout240_198001_199912,trailing_holdout,1964-01-31,1979-12-31,1980-01-31,1999-12-31,192,240.0,0.0887121032056086,0.0623547734203462,0.0623547734203462,0.0896527940450264,0.026357329785262402,0.026357329785262402,-0.0009406908394177932,1.1256935093260696,0.5825165591595254,-0.1584618454981994,0.0877714123661908,estimated,0.0429754365861768,0.0457366666194318,0.005039295321805,0.0836728078838036,0.0378165494478775,0.0508955537577311,cuda:1,
pls_H2_k2__rolling240m_annual__regime_mean,pls_H2_k2,rolling240m_annual,rolling,240,12,1,pls_H2_k2__rolling240m_annual__regime_mean__regime_dcc__zero_cross,regime_dcc__zero_cross,regime_dcc,asset_regime_dcc,factor_apt_regime,zero,pure_qp,pipinn,valholdout240_198001_199912,trailing_holdout,1964-01-31,1979-12-31,1980-01-31,1999-12-31,192,240.0,0.0896527940450264,0.0623547734203462,0.0623547734203462,0.0896527940450264,0.027298020624680196,0.027298020624680196,0.0,1.1212644639159286,0.6189435732630991,-0.1733946845785375,0.0896527940450264,zero,0.0429754365861768,0.04667735745884959,0.005039295321805,0.0846134987232214,0.0378165494478775,0.051836244597148896,cuda:1,
pls_H2_k2__rolling240m_annual__regime_mean,pls_H2_k2,rolling240m_annual,rolling,240,12,1,pls_H2_k2__rolling240m_annual__regime_mean__regime_dcc__gated_cross,regime_dcc__gated_cross,regime_dcc,asset_regime_dcc,factor_apt_regime,regime_gated,pure_qp,pipinn,valholdout240_198001_199912,trailing_holdout,1964-01-31,1979-12-31,1980-01-31,1999-12-31,192,240.0,0.089330349823192,0.0623547734203462,0.0623547734203462,0.0896527940450264,0.026975576402845806,0.026975576402845806,-0.00032244422183438926,1.1308566528327104,0.5861597368977439,-0.1584755245940726,0.08900790560135761,regime_gated,0.0429754365861768,0.046354913237015204,0.005039295321805,0.084291054501387,0.0378165494478775,0.05151380037531451,cuda:1,
pls_H24_k2__rolling240m_annual__baseline_mean,pls_H24_k2,rolling240m_annual,rolling,240,12,1,pls_H24_k2__rolling240m_annual__baseline_mean__const,const,const,constant,factor_apt,estimated,pure_qp,pipinn,valholdout240_198001_199912,trailing_holdout,1964-01-31,1979-12-31,1980-01-31,1999-12-31,192,240.0,0.0853138038165928,0.0728831541765738,0.0728831541765738,0.0854554569861197,0.012430649640018998,0.012430649640018998,-0.000141653169526898,1.091900612188368,0.5949055912337009,-0.127772703846665,0.0851721506470659,estimated,0.0429754365861768,0.042338367230416,0.005039295321805,0.0802745084947878,0.0378165494478775,0.047497254368715304,cuda:0,
pls_H24_k2__rolling240m_annual__baseline_mean,pls_H24_k2,rolling240m_annual,rolling,240,12,1,pls_H24_k2__rolling240m_annual__baseline_mean__const__zero_cross,const__zero_cross,const,constant,factor_apt,zero,pure_qp,pipinn,valholdout240_198001_199912,trailing_holdout,1964-01-31,1979-12-31,1980-01-31,1999-12-31,192,240.0,0.0854554569861197,0.0728831541765738,0.0728831541765738,0.0854554569861197,0.012572302809545896,0.012572302809545896,0.0,1.0793997234005597,0.6259356723634665,-0.1432822579778996,0.0854554569861197,zero,0.0429754365861768,0.0424800203999429,0.005039295321805,0.0804161616643147,0.0378165494478775,0.0476389075382422,cuda:0,
pls_H24_k2__rolling240m_annual__baseline_mean,pls_H24_k2,rolling240m_annual,rolling,240,12,1,pls_H24_k2__rolling240m_annual__baseline_mean__dcc,dcc,dcc,asset_dcc,factor_apt,estimated,pure_qp,pipinn,valholdout240_198001_199912,trailing_holdout,1964-01-31,1979-12-31,1980-01-31,1999-12-31,192,240.0,0.0896159949045944,0.0728093314755143,0.0728093314755143,0.0897177430447224,0.016806663429080104,0.016806663429080104,-0.00010174814012799127,1.1323725469200243,0.5776676359732503,-0.144144957331028,0.08951424676446641,estimated,0.0429754365861768,0.0466405583184176,0.005039295321805,0.0845766995827894,0.0378165494478775,0.05179944545671691,cuda:0,
pls_H24_k2__rolling240m_annual__baseline_mean,pls_H24_k2,rolling240m_annual,rolling,240,12,1,pls_H24_k2__rolling240m_annual__baseline_mean__dcc__zero_cross,dcc__zero_cross,dcc,asset_dcc,factor_apt,zero,pure_qp,pipinn,valholdout240_198001_199912,trailing_holdout,1964-01-31,1979-12-31,1980-01-31,1999-12-31,192,240.0,0.0897177430447224,0.0728093314755143,0.0728093314755143,0.0897177430447224,0.016908411569208096,0.016908411569208096,0.0,1.1243225007375446,0.6118013008716585,-0.1526049796021984,0.0897177430447224,zero,0.0429754365861768,0.046742306458545595,0.005039295321805,0.0846784477229174,0.0378165494478775,0.0519011935968449,cuda:0,
pls_H24_k2__rolling240m_annual__baseline_mean,pls_H24_k2,rolling240m_annual,rolling,240,12,1,pls_H24_k2__rolling240m_annual__baseline_mean__adcc,adcc,adcc,asset_adcc,factor_apt,estimated,pure_qp,pipinn,valholdout240_198001_199912,trailing_holdout,1964-01-31,1979-12-31,1980-01-31,1999-12-31,192,240.0,0.0896638957247256,0.0728018583383335,0.0728018583383335,0.0896640896550721,0.01686203738639211,0.01686203738639211,-1.9393034648984564e-07,1.1327865020842702,0.57910060987963,-0.143297014051849,0.08966370179437912,estimated,0.0429754365861768,0.046688459138548806,0.005039295321805,0.08462460040292061,0.0378165494478775,0.05184734627684811,cuda:0,
pls_H24_k2__rolling240m_annual__baseline_mean,pls_H24_k2,rolling240m_annual,rolling,240,12,1,pls_H24_k2__rolling240m_annual__baseline_mean__adcc__zero_cross,adcc__zero_cross,adcc,asset_adcc,factor_apt,zero,pure_qp,pipinn,valholdout240_198001_199912,trailing_holdout,1964-01-31,1979-12-31,1980-01-31,1999-12-31,192,240.0,0.0896640896550721,0.0728018583383335,0.0728018583383335,0.0896640896550721,0.0168622313167386,0.0168622313167386,0.0,1.1237283330971122,0.6119983519174618,-0.152702380098355,0.0896640896550721,zero,0.0429754365861768,0.046688653068895296,0.005039295321805,0.0846247943332671,0.0378165494478775,0.0518475402071946,cuda:0,
pls_H24_k2__rolling240m_annual__baseline_mean,pls_H24_k2,rolling240m_annual,rolling,240,12,1,pls_H24_k2__rolling240m_annual__baseline_mean__regime_dcc,regime_dcc,regime_dcc,asset_regime_dcc,factor_apt,estimated,pure_qp,pipinn,valholdout240_198001_199912,trailing_holdout,1964-01-31,1979-12-31,1980-01-31,1999-12-31,192,240.0,0.088733014176452,0.072040841068242,0.072040841068242,0.0894709862809998,0.01669217310821,0.01669217310821,-0.0007379721045477905,1.127025503231958,0.5975458412722112,-0.1433187099709826,0.08799504207190421,estimated,0.0429754365861768,0.045757577590275204,0.005039295321805,0.083693718854647,0.0378165494478775,0.05091646472857451,cuda:0,
pls_H24_k2__rolling240m_annual__baseline_mean,pls_H24_k2,rolling240m_annual,rolling,240,12,1,pls_H24_k2__rolling240m_annual__baseline_mean__regime_dcc__zero_cross,regime_dcc__zero_cross,regime_dcc,asset_regime_dcc,factor_apt,zero,pure_qp,pipinn,valholdout240_198001_199912,trailing_holdout,1964-01-31,1979-12-31,1980-01-31,1999-12-31,192,240.0,0.0894709862809998,0.072040841068242,0.072040841068242,0.0894709862809998,0.01743014521275779,0.01743014521275779,0.0,1.124014688092187,0.618366166613003,-0.1521486733446656,0.0894709862809998,zero,0.0429754365861768,0.046495549694822995,0.005039295321805,0.0844316909591948,0.0378165494478775,0.0516544368331223,cuda:0,
pls_H24_k2__rolling240m_annual__baseline_mean,pls_H24_k2,rolling240m_annual,rolling,240,12,1,pls_H24_k2__rolling240m_annual__baseline_mean__regime_dcc__gated_cross,regime_dcc__gated_cross,regime_dcc,asset_regime_dcc,factor_apt,regime_gated,pure_qp,pipinn,valholdout240_198001_199912,trailing_holdout,1964-01-31,1979-12-31,1980-01-31,1999-12-31,192,240.0,0.0894190160433792,0.072040841068242,0.072040841068242,0.0894709862809998,0.01737817497513719,0.01737817497513719,-5.1970237620602155e-05,1.1320858078815477,0.5977028359928498,-0.1433280473452121,0.08936704580575859,regime_gated,0.0429754365861768,0.04644357945720239,0.005039295321805,0.0843797207215742,0.0378165494478775,0.051602466595501696,cuda:0,
pls_H12_k2__rolling240m_annual__baseline_mean,pls_H12_k2,rolling240m_annual,rolling,240,12,1,pls_H12_k2__rolling240m_annual__baseline_mean__const,const,const,constant,factor_apt,estimated,pure_qp,pipinn,valholdout240_198001_199912,trailing_holdout,1964-01-31,1979-12-31,1980-01-31,1999-12-31,192,240.0,0.0838632902054718,0.0725646345587435,0.0725646345587435,0.0849116115764239,0.0112986556467283,0.0112986556467283,-0.0010483213709521072,1.08213011391688,0.5931187329327521,-0.1324228772430606,0.08281496883451969,estimated,0.0429754365861768,0.040887853619295,0.005039295321805,0.0788239948836668,0.0378165494478775,0.0460467407575943,cuda:0,
pls_H12_k2__rolling240m_annual__baseline_mean,pls_H12_k2,rolling240m_annual,rolling,240,12,1,pls_H12_k2__rolling240m_annual__baseline_mean__const__zero_cross,const__zero_cross,const,constant,factor_apt,zero,pure_qp,pipinn,valholdout240_198001_199912,trailing_holdout,1964-01-31,1979-12-31,1980-01-31,1999-12-31,192,240.0,0.0849116115764239,0.0725646345587435,0.0725646345587435,0.0849116115764239,0.012346977017680408,0.012346977017680408,0.0,1.0741988619777392,0.6290297645167651,-0.1555969592937519,0.0849116115764239,zero,0.0429754365861768,0.041936174990247106,0.005039295321805,0.07987231625461891,0.0378165494478775,0.04709506212854641,cuda:0,
pls_H12_k2__rolling240m_annual__baseline_mean,pls_H12_k2,rolling240m_annual,rolling,240,12,1,pls_H12_k2__rolling240m_annual__baseline_mean__dcc,dcc,dcc,asset_dcc,factor_apt,estimated,pure_qp,pipinn,valholdout240_198001_199912,trailing_holdout,1964-01-31,1979-12-31,1980-01-31,1999-12-31,192,240.0,0.0882666561119612,0.0723672483143843,0.0723672483143843,0.0886673996726668,0.015899407797576898,0.015899407797576898,-0.000400743560705602,1.1207081647345285,0.5826000840906341,-0.1538606273094104,0.0878659125512556,estimated,0.0429754365861768,0.0452912195257844,0.005039295321805,0.0832273607901562,0.0378165494478775,0.050450106664083706,cuda:0,
pls_H12_k2__rolling240m_annual__baseline_mean,pls_H12_k2,rolling240m_annual,rolling,240,12,1,pls_H12_k2__rolling240m_annual__baseline_mean__dcc__zero_cross,dcc__zero_cross,dcc,asset_dcc,factor_apt,zero,pure_qp,pipinn,valholdout240_198001_199912,trailing_holdout,1964-01-31,1979-12-31,1980-01-31,1999-12-31,192,240.0,0.0886673996726668,0.0723672483143843,0.0723672483143843,0.0886673996726668,0.0163001513582825,0.0163001513582825,0.0,1.110070821037654,0.624829524705238,-0.1685546199964813,0.0886673996726668,zero,0.0429754365861768,0.045691963086490005,0.005039295321805,0.0836281043508618,0.0378165494478775,0.05085085022478931,cuda:0,
pls_H12_k2__rolling240m_annual__baseline_mean,pls_H12_k2,rolling240m_annual,rolling,240,12,1,pls_H12_k2__rolling240m_annual__baseline_mean__adcc,adcc,adcc,asset_adcc,factor_apt,estimated,pure_qp,pipinn,valholdout240_198001_199912,trailing_holdout,1964-01-31,1979-12-31,1980-01-31,1999-12-31,192,240.0,0.0880866440346376,0.0723535549490287,0.0723535549490287,0.0886324813654239,0.0157330890856089,0.0157330890856089,-0.0005458373307862946,1.1188187155069127,0.5828599841504151,-0.1536527910049716,0.08754080670385131,estimated,0.0429754365861768,0.045111207448460804,0.005039295321805,0.0830473487128326,0.0378165494478775,0.05027009458676011,cuda:0,
pls_H12_k2__rolling240m_annual__baseline_mean,pls_H12_k2,rolling240m_annual,rolling,240,12,1,pls_H12_k2__rolling240m_annual__baseline_mean__adcc__zero_cross,adcc__zero_cross,adcc,asset_adcc,factor_apt,zero,pure_qp,pipinn,valholdout240_198001_199912,trailing_holdout,1964-01-31,1979-12-31,1980-01-31,1999-12-31,192,240.0,0.0886324813654239,0.0723535549490287,0.0723535549490287,0.0886324813654239,0.016278926416395195,0.016278926416395195,0.0,1.1096955009416594,0.6250282549080617,-0.1686212791938035,0.0886324813654239,zero,0.0429754365861768,0.0456570447792471,0.005039295321805,0.0835931860436189,0.0378165494478775,0.0508159319175464,cuda:0,
pls_H12_k2__rolling240m_annual__baseline_mean,pls_H12_k2,rolling240m_annual,rolling,240,12,1,pls_H12_k2__rolling240m_annual__baseline_mean__regime_dcc,regime_dcc,regime_dcc,asset_regime_dcc,factor_apt,estimated,pure_qp,pipinn,valholdout240_198001_199912,trailing_holdout,1964-01-31,1979-12-31,1980-01-31,1999-12-31,192,240.0,0.0870252726658808,0.071569025376498,0.071569025376498,0.0881362623463353,0.015456247289382802,0.015456247289382802,-0.001110989680454505,1.1096470179210385,0.5959984463078072,-0.1543723692668965,0.08591428298542629,estimated,0.0429754365861768,0.044049836079703995,0.005039295321805,0.0819859773440758,0.0378165494478775,0.0492087232180033,cuda:0,
pls_H12_k2__rolling240m_annual__baseline_mean,pls_H12_k2,rolling240m_annual,rolling,240,12,1,pls_H12_k2__rolling240m_annual__baseline_mean__regime_dcc__zero_cross,regime_dcc__zero_cross,regime_dcc,asset_regime_dcc,factor_apt,zero,pure_qp,pipinn,valholdout240_198001_199912,trailing_holdout,1964-01-31,1979-12-31,1980-01-31,1999-12-31,192,240.0,0.0881362623463353,0.071569025376498,0.071569025376498,0.0881362623463353,0.016567236969837307,0.016567236969837307,0.0,1.1078305843865526,0.6310118308929759,-0.1680912120064343,0.0881362623463353,zero,0.0429754365861768,0.0451608257601585,0.005039295321805,0.0830969670245303,0.0378165494478775,0.050319712898457804,cuda:0,
pls_H12_k2__rolling240m_annual__baseline_mean,pls_H12_k2,rolling240m_annual,rolling,240,12,1,pls_H12_k2__rolling240m_annual__baseline_mean__regime_dcc__gated_cross,regime_dcc__gated_cross,regime_dcc,asset_regime_dcc,factor_apt,regime_gated,pure_qp,pipinn,valholdout240_198001_199912,trailing_holdout,1964-01-31,1979-12-31,1980-01-31,1999-12-31,192,240.0,0.0876096516967421,0.071569025376498,0.071569025376498,0.0881362623463353,0.01604062632024411,0.01604062632024411,-0.0005266106495931955,1.114339368488811,0.5980735605697767,-0.154384821710615,0.08708304104714891,regime_gated,0.0429754365861768,0.044634215110565305,0.005039295321805,0.0825703563749371,0.0378165494478775,0.04979310224886461,cuda:0,
pls_H1_k2__rolling240m_annual__baseline_mean,pls_H1_k2,rolling240m_annual,rolling,240,12,1,pls_H1_k2__rolling240m_annual__baseline_mean__const,const,const,constant,factor_apt,estimated,pure_qp,pipinn,valholdout240_198001_199912,trailing_holdout,1964-01-31,1979-12-31,1980-01-31,1999-12-31,192,240.0,0.0833143479021163,0.0717934426721651,0.0717934426721651,0.0853671553598494,0.011520905229951195,0.011520905229951195,-0.002052807457733105,1.0678344238157231,0.5972902871026716,-0.1504549711651551,0.08126154044438319,estimated,0.0429754365861768,0.040338911315939495,0.005039295321805,0.0782750525803113,0.0378165494478775,0.0454977984542388,cuda:0,
pls_H1_k2__rolling240m_annual__baseline_mean,pls_H1_k2,rolling240m_annual,rolling,240,12,1,pls_H1_k2__rolling240m_annual__baseline_mean__const__zero_cross,const__zero_cross,const,constant,factor_apt,zero,pure_qp,pipinn,valholdout240_198001_199912,trailing_holdout,1964-01-31,1979-12-31,1980-01-31,1999-12-31,192,240.0,0.0853671553598494,0.0717934426721651,0.0717934426721651,0.0853671553598494,0.0135737126876843,0.0135737126876843,0.0,1.0725697869124904,0.632676734540985,-0.1671723904301618,0.0853671553598494,zero,0.0429754365861768,0.0423917187736726,0.005039295321805,0.0803278600380444,0.0378165494478775,0.047550605911971904,cuda:0,
pls_H1_k2__rolling240m_annual__baseline_mean,pls_H1_k2,rolling240m_annual,rolling,240,12,1,pls_H1_k2__rolling240m_annual__baseline_mean__dcc,dcc,dcc,asset_dcc,factor_apt,estimated,pure_qp,pipinn,valholdout240_198001_199912,trailing_holdout,1964-01-31,1979-12-31,1980-01-31,1999-12-31,192,240.0,0.0879706722394457,0.0717013733388092,0.0717013733388092,0.0897475822277051,0.016269298900636497,0.016269298900636497,-0.001776909988259398,1.1110442780475407,0.5898889297703873,-0.1713583761496113,0.0861937622511863,estimated,0.0429754365861768,0.0449952356532689,0.005039295321805,0.0829313769176407,0.0378165494478775,0.0501541227915682,cuda:0,
pls_H1_k2__rolling240m_annual__baseline_mean,pls_H1_k2,rolling240m_annual,rolling,240,12,1,pls_H1_k2__rolling240m_annual__baseline_mean__dcc__zero_cross,dcc__zero_cross,dcc,asset_dcc,factor_apt,zero,pure_qp,pipinn,valholdout240_198001_199912,trailing_holdout,1964-01-31,1979-12-31,1980-01-31,1999-12-31,192,240.0,0.0897475822277051,0.0717013733388092,0.0717013733388092,0.0897475822277051,0.018046208888895895,0.018046208888895895,0.0,1.113557698318269,0.618372819743201,-0.1821006172897412,0.0897475822277051,zero,0.0429754365861768,0.0467721456415283,0.005039295321805,0.0847082869059001,0.0378165494478775,0.0519310327798276,cuda:0,
pls_H1_k2__rolling240m_annual__baseline_mean,pls_H1_k2,rolling240m_annual,rolling,240,12,1,pls_H1_k2__rolling240m_annual__baseline_mean__adcc,adcc,adcc,asset_adcc,factor_apt,estimated,pure_qp,pipinn,valholdout240_198001_199912,trailing_holdout,1964-01-31,1979-12-31,1980-01-31,1999-12-31,192,240.0,0.0878378061501242,0.0716881036398699,0.0716881036398699,0.0897013198711543,0.0161497025102543,0.0161497025102543,-0.0018635137210301078,1.1095213986622028,0.5906711858041419,-0.1708891922202239,0.08597429242909409,estimated,0.0429754365861768,0.044862369563947395,0.005039295321805,0.0827985108283192,0.0378165494478775,0.0500212567022467,cuda:0,
pls_H1_k2__rolling240m_annual__baseline_mean,pls_H1_k2,rolling240m_annual,rolling,240,12,1,pls_H1_k2__rolling240m_annual__baseline_mean__adcc__zero_cross,adcc__zero_cross,adcc,asset_adcc,factor_apt,zero,pure_qp,pipinn,valholdout240_198001_199912,trailing_holdout,1964-01-31,1979-12-31,1980-01-31,1999-12-31,192,240.0,0.0897013198711543,0.0716881036398699,0.0716881036398699,0.0897013198711543,0.018013216231284407,0.018013216231284407,0.0,1.1129722135246958,0.6188919651535713,-0.1821866345969343,0.0897013198711543,zero,0.0429754365861768,0.0467258832849775,0.005039295321805,0.0846620245493493,0.0378165494478775,0.051884770423276806,cuda:0,
pls_H1_k2__rolling240m_annual__baseline_mean,pls_H1_k2,rolling240m_annual,rolling,240,12,1,pls_H1_k2__rolling240m_annual__baseline_mean__regime_dcc,regime_dcc,regime_dcc,asset_regime_dcc,factor_apt,estimated,pure_qp,pipinn,valholdout240_198001_199912,trailing_holdout,1964-01-31,1979-12-31,1980-01-31,1999-12-31,192,240.0,0.0868826020774989,0.0708320323871424,0.0708320323871424,0.0887751617092365,0.016050569690356495,0.016050569690356495,-0.0018925596317375948,1.100811220791322,0.6043216714704255,-0.171464221650247,0.0849900424457613,estimated,0.0429754365861768,0.0439071654913221,0.005039295321805,0.0818433067556939,0.0378165494478775,0.0490660526296214,cuda:0,
pls_H1_k2__rolling240m_annual__baseline_mean,pls_H1_k2,rolling240m_annual,rolling,240,12,1,pls_H1_k2__rolling240m_annual__baseline_mean__regime_dcc__zero_cross,regime_dcc__zero_cross,regime_dcc,asset_regime_dcc,factor_apt,zero,pure_qp,pipinn,valholdout240_198001_199912,trailing_holdout,1964-01-31,1979-12-31,1980-01-31,1999-12-31,192,240.0,0.0887751617092365,0.0708320323871424,0.0708320323871424,0.0887751617092365,0.01794312932209409,0.01794312932209409,0.0,1.107534952262837,0.6259999892705049,-0.1810230729608405,0.0887751617092365,zero,0.0429754365861768,0.045799725123059694,0.005039295321805,0.0837358663874315,0.0378165494478775,0.050958612261359,cuda:0,
pls_H1_k2__rolling240m_annual__baseline_mean,pls_H1_k2,rolling240m_annual,rolling,240,12,1,pls_H1_k2__rolling240m_annual__baseline_mean__regime_dcc__gated_cross,regime_dcc__gated_cross,regime_dcc,asset_regime_dcc,factor_apt,regime_gated,pure_qp,pipinn,valholdout240_198001_199912,trailing_holdout,1964-01-31,1979-12-31,1980-01-31,1999-12-31,192,240.0,0.0874328034111862,0.0708320323871424,0.0708320323871424,0.0887751617092365,0.016600771024043795,0.016600771024043795,-0.0013423582980502946,1.105435110513107,0.6038403722825934,-0.1714736212895522,0.0860904451131359,regime_gated,0.0429754365861768,0.0444573668250094,0.005039295321805,0.0823935080893812,0.0378165494478775,0.0496162539633087,cuda:0,
pls_H2_k2__rolling240m_annual__baseline_mean,pls_H2_k2,rolling240m_annual,rolling,240,12,1,pls_H2_k2__rolling240m_annual__baseline_mean__const,const,const,constant,factor_apt,estimated,pure_qp,pipinn,valholdout240_198001_199912,trailing_holdout,1964-01-31,1979-12-31,1980-01-31,1999-12-31,192,240.0,0.0837215323014547,0.0720324043650047,0.0720324043650047,0.0855543483896496,0.011689127936449994,0.011689127936449994,-0.0018328160881949107,1.0731733168456092,0.5969332164102923,-0.1503822256720847,0.08188871621325979,estimated,0.0429754365861768,0.040746095715277895,0.005039295321805,0.0786822369796497,0.0378165494478775,0.0459049828535772,cuda:0,
pls_H2_k2__rolling240m_annual__baseline_mean,pls_H2_k2,rolling240m_annual,rolling,240,12,1,pls_H2_k2__rolling240m_annual__baseline_mean__const__zero_cross,const__zero_cross,const,constant,factor_apt,zero,pure_qp,pipinn,valholdout240_198001_199912,trailing_holdout,1964-01-31,1979-12-31,1980-01-31,1999-12-31,192,240.0,0.0855543483896496,0.0720324043650047,0.0720324043650047,0.0855543483896496,0.013521944024644905,0.013521944024644905,0.0,1.076481707855124,0.6297790182508266,-0.1648204484097249,0.0855543483896496,zero,0.0429754365861768,0.042578911803472806,0.005039295321805,0.08051505306784461,0.0378165494478775,0.04773779894177211,cuda:0,
pls_H2_k2__rolling240m_annual__baseline_mean,pls_H2_k2,rolling240m_annual,rolling,240,12,1,pls_H2_k2__rolling240m_annual__baseline_mean__dcc,dcc,dcc,asset_dcc,factor_apt,estimated,pure_qp,pipinn,valholdout240_198001_199912,trailing_holdout,1964-01-31,1979-12-31,1980-01-31,1999-12-31,192,240.0,0.0886851925704996,0.0718879015157979,0.0718879015157979,0.0904142305247095,0.016797291054701707,0.016797291054701707,-0.0017290379542098944,1.119509091552381,0.589890040938117,-0.169381819580485,0.08695615461628971,estimated,0.0429754365861768,0.0457097559843228,0.005039295321805,0.0836458972486946,0.0378165494478775,0.050868643122622105,cuda:0,
pls_H2_k2__rolling240m_annual__baseline_mean,pls_H2_k2,rolling240m_annual,rolling,240,12,1,pls_H2_k2__rolling240m_annual__baseline_mean__dcc__zero_cross,dcc__zero_cross,dcc,asset_dcc,factor_apt,zero,pure_qp,pipinn,valholdout240_198001_199912,trailing_holdout,1964-01-31,1979-12-31,1980-01-31,1999-12-31,192,240.0,0.0904142305247095,0.0718879015157979,0.0718879015157979,0.0904142305247095,0.0185263290089116,0.0185263290089116,0.0,1.1219688892635464,0.61738624161343,-0.1803172256075335,0.0904142305247095,zero,0.0429754365861768,0.047438793938532696,0.005039295321805,0.0853749352029045,0.0378165494478775,0.052597681076832,cuda:0,
pls_H2_k2__rolling240m_annual__baseline_mean,pls_H2_k2,rolling240m_annual,rolling,240,12,1,pls_H2_k2__rolling240m_annual__baseline_mean__adcc,adcc,adcc,asset_adcc,factor_apt,estimated,pure_qp,pipinn,valholdout240_198001_199912,trailing_holdout,1964-01-31,1979-12-31,1980-01-31,1999-12-31,192,240.0,0.0886093355116084,0.0718698395298264,0.0718698395298264,0.090356425985012,0.01673949598178201,0.01673949598178201,-0.0017470904734036008,1.1182585502853493,0.5898830359704245,-0.1701972564510896,0.0868622450382048,estimated,0.0429754365861768,0.045633898925431605,0.005039295321805,0.08357004018980341,0.0378165494478775,0.05079278606373091,cuda:0,
pls_H2_k2__rolling240m_annual__baseline_mean,pls_H2_k2,rolling240m_annual,rolling,240,12,1,pls_H2_k2__rolling240m_annual__baseline_mean__adcc__zero_cross,adcc__zero_cross,adcc,asset_adcc,factor_apt,zero,pure_qp,pipinn,valholdout240_198001_199912,trailing_holdout,1964-01-31,1979-12-31,1980-01-31,1999-12-31,192,240.0,0.090356425985012,0.0718698395298264,0.0718698395298264,0.090356425985012,0.01848658645518561,0.01848658645518561,0.0,1.1212663223909176,0.6178314865790296,-0.1804177894820363,0.090356425985012,zero,0.0429754365861768,0.047380989398835206,0.005039295321805,0.08531713066320701,0.0378165494478775,0.05253987653713451,cuda:0,
pls_H2_k2__rolling240m_annual__baseline_mean,pls_H2_k2,rolling240m_annual,rolling,240,12,1,pls_H2_k2__rolling240m_annual__baseline_mean__regime_dcc,regime_dcc,regime_dcc,asset_regime_dcc,factor_apt,estimated,pure_qp,pipinn,valholdout240_198001_199912,trailing_holdout,1964-01-31,1979-12-31,1980-01-31,1999-12-31,192,240.0,0.0874139974979536,0.0710148412165119,0.0710148412165119,0.089419228254371,0.0163991562814417,0.0163991562814417,-0.0020052307564173977,1.107541909921164,0.6034784188030736,-0.1698550630180912,0.0854087667415362,estimated,0.0429754365861768,0.0444385609117768,0.005039295321805,0.0823747021761486,0.0378165494478775,0.049597448050076105,cuda:0,
pls_H2_k2__rolling240m_annual__baseline_mean,pls_H2_k2,rolling240m_annual,rolling,240,12,1,pls_H2_k2__rolling240m_annual__baseline_mean__regime_dcc__zero_cross,regime_dcc__zero_cross,regime_dcc,asset_regime_dcc,factor_apt,zero,pure_qp,pipinn,valholdout240_198001_199912,trailing_holdout,1964-01-31,1979-12-31,1980-01-31,1999-12-31,192,240.0,0.089419228254371,0.0710148412165119,0.0710148412165119,0.089419228254371,0.0184043870378591,0.0184043870378591,0.0,1.1161428194194714,0.6262023540048044,-0.1794402839260387,0.089419228254371,zero,0.0429754365861768,0.0464437916681942,0.005039295321805,0.084379932932566,0.0378165494478775,0.0516026788064935,cuda:0,
pls_H2_k2__rolling240m_annual__baseline_mean,pls_H2_k2,rolling240m_annual,rolling,240,12,1,pls_H2_k2__rolling240m_annual__baseline_mean__regime_dcc__gated_cross,regime_dcc__gated_cross,regime_dcc,asset_regime_dcc,factor_apt,regime_gated,pure_qp,pipinn,valholdout240_198001_199912,trailing_holdout,1964-01-31,1979-12-31,1980-01-31,1999-12-31,192,240.0,0.0880056156682048,0.0710148412165119,0.0710148412165119,0.089419228254371,0.016990774451692905,0.016990774451692905,-0.0014136125861661936,1.1124726464654626,0.6049692575547175,-0.1698646036926373,0.08659200308203861,regime_gated,0.0429754365861768,0.045030179082028006,0.005039295321805,0.08296632034639981,0.0378165494478775,0.05018906622032731,cuda:0,
